./Dataset/FriesianCattle2017/images/000191.jpg,1208,769,348,485,cow
./Dataset/FriesianCattle2017/images/000191.jpg,916,1220,23,965,cow
./Dataset/FriesianCattle2017/images/000185.jpg,1208,777,353,488,cow
./Dataset/FriesianCattle2017/images/000185.jpg,881,1221,16,972,cow
./Dataset/FriesianCattle2017/images/000813.jpg,1454,531,728,146,cow
./Dataset/FriesianCattle2017/images/000813.jpg,1253,805,445,488,cow
./Dataset/FriesianCattle2017/images/000807.jpg,1225,830,439,477,cow
./Dataset/FriesianCattle2017/images/000152.jpg,1235,784,346,490,cow
./Dataset/FriesianCattle2017/images/000152.jpg,1479,315,795,26,cow
./Dataset/FriesianCattle2017/images/000634.jpg,1477,1071,921,496,cow
./Dataset/FriesianCattle2017/images/000634.jpg,1073,772,150,374,cow
./Dataset/FriesianCattle2017/images/000620.jpg,1386,739,424,480,cow
./Dataset/FriesianCattle2017/images/000146.jpg,1137,747,262,477,cow
./Dataset/FriesianCattle2017/images/000146.jpg,1476,305,706,6,cow
./Dataset/FriesianCattle2017/images/000608.jpg,1357,851,567,445,cow
./Dataset/FriesianCattle2017/images/000393.jpg,1408,757,416,477,cow
./Dataset/FriesianCattle2017/images/000387.jpg,1203,916,422,470,cow
./Dataset/FriesianCattle2017/images/000436.jpg,1081,794,336,452,cow
./Dataset/FriesianCattle2017/images/000350.jpg,1253,739,310,482,cow
./Dataset/FriesianCattle2017/images/000344.jpg,1236,769,193,470,cow
./Dataset/FriesianCattle2017/images/000422.jpg,1233,756,346,460,cow
./Dataset/FriesianCattle2017/images/000378.jpg,1273,771,186,454,cow
./Dataset/FriesianCattle2017/images/000581.jpg,998,1139,113,863,cow
./Dataset/FriesianCattle2017/images/000581.jpg,1304,741,283,496,cow
./Dataset/FriesianCattle2017/images/000595.jpg,1344,871,544,472,cow
./Dataset/FriesianCattle2017/images/000542.jpg,1370,515,501,102,cow
./Dataset/FriesianCattle2017/images/000542.jpg,1172,762,345,463,cow
./Dataset/FriesianCattle2017/images/000224.jpg,1342,714,536,424,cow
./Dataset/FriesianCattle2017/images/000224.jpg,777,452,3,201,cow
./Dataset/FriesianCattle2017/images/000230.jpg,1337,762,460,488,cow
./Dataset/FriesianCattle2017/images/000230.jpg,909,513,4,237,cow
./Dataset/FriesianCattle2017/images/000556.jpg,1188,440,193,94,cow
./Dataset/FriesianCattle2017/images/000556.jpg,1155,764,287,457,cow
./Dataset/FriesianCattle2017/images/000218.jpg,1268,742,335,477,cow
./Dataset/FriesianCattle2017/images/000218.jpg,1121,1221,211,889,cow
./Dataset/FriesianCattle2017/images/000783.jpg,1358,738,582,467,cow
./Dataset/FriesianCattle2017/images/000797.jpg,1236,827,459,485,cow
./Dataset/FriesianCattle2017/images/000026.jpg,1168,754,237,467,cow
./Dataset/FriesianCattle2017/images/000740.jpg,1131,794,361,457,cow
./Dataset/FriesianCattle2017/images/000754.jpg,1297,762,292,490,cow
./Dataset/FriesianCattle2017/images/000754.jpg,1301,1114,274,809,cow
./Dataset/FriesianCattle2017/images/000032.jpg,1165,779,272,472,cow
./Dataset/FriesianCattle2017/images/000768.jpg,1193,752,391,470,cow
./Dataset/FriesianCattle2017/images/000769.jpg,1238,752,353,462,cow
./Dataset/FriesianCattle2017/images/000755.jpg,1198,738,229,467,cow
./Dataset/FriesianCattle2017/images/000755.jpg,1139,1142,204,804,cow
./Dataset/FriesianCattle2017/images/000033.jpg,1218,728,455,493,cow
./Dataset/FriesianCattle2017/images/000027.jpg,1261,746,252,478,cow
./Dataset/FriesianCattle2017/images/000741.jpg,1482,475,914,161,cow
./Dataset/FriesianCattle2017/images/000741.jpg,1112,818,343,460,cow
./Dataset/FriesianCattle2017/images/000796.jpg,1294,757,465,480,cow
./Dataset/FriesianCattle2017/images/000782.jpg,1244,739,412,472,cow
./Dataset/FriesianCattle2017/images/000219.jpg,1296,759,336,483,cow
./Dataset/FriesianCattle2017/images/000219.jpg,1261,1135,373,823,cow
./Dataset/FriesianCattle2017/images/000231.jpg,1069,432,184,150,cow
./Dataset/FriesianCattle2017/images/000231.jpg,1310,751,449,477,cow
./Dataset/FriesianCattle2017/images/000557.jpg,1116,766,260,462,cow
./Dataset/FriesianCattle2017/images/000543.jpg,1383,526,518,113,cow
./Dataset/FriesianCattle2017/images/000543.jpg,1180,771,369,465,cow
./Dataset/FriesianCattle2017/images/000225.jpg,1342,696,543,416,cow
./Dataset/FriesianCattle2017/images/000225.jpg,787,439,6,181,cow
./Dataset/FriesianCattle2017/images/000594.jpg,1243,813,500,459,cow
./Dataset/FriesianCattle2017/images/000580.jpg,1015,1101,171,825,cow
./Dataset/FriesianCattle2017/images/000580.jpg,1325,733,315,482,cow
./Dataset/FriesianCattle2017/images/000379.jpg,1446,771,602,483,cow
./Dataset/FriesianCattle2017/images/000379.jpg,691,1192,4,795,cow
./Dataset/FriesianCattle2017/images/000345.jpg,1310,734,447,472,cow
./Dataset/FriesianCattle2017/images/000423.jpg,1231,754,336,460,cow
./Dataset/FriesianCattle2017/images/000437.jpg,1081,805,356,447,cow
./Dataset/FriesianCattle2017/images/000351.jpg,1296,794,577,457,cow
./Dataset/FriesianCattle2017/images/000386.jpg,1198,914,434,480,cow
./Dataset/FriesianCattle2017/images/000392.jpg,1448,759,450,475,cow
./Dataset/FriesianCattle2017/images/000609.jpg,1347,782,485,459,cow
./Dataset/FriesianCattle2017/images/000621.jpg,1274,731,317,485,cow
./Dataset/FriesianCattle2017/images/000147.jpg,1477,345,833,44,cow
./Dataset/FriesianCattle2017/images/000147.jpg,1172,813,346,480,cow
./Dataset/FriesianCattle2017/images/000153.jpg,1477,312,792,21,cow
./Dataset/FriesianCattle2017/images/000153.jpg,1241,784,358,488,cow
./Dataset/FriesianCattle2017/images/000635.jpg,1481,909,802,520,cow
./Dataset/FriesianCattle2017/images/000635.jpg,993,805,143,359,cow
./Dataset/FriesianCattle2017/images/000806.jpg,1208,861,457,475,cow
./Dataset/FriesianCattle2017/images/000812.jpg,1251,797,457,485,cow
./Dataset/FriesianCattle2017/images/000812.jpg,1481,701,863,222,cow
./Dataset/FriesianCattle2017/images/000184.jpg,1228,751,364,495,cow
./Dataset/FriesianCattle2017/images/000184.jpg,880,1220,11,967,cow
./Dataset/FriesianCattle2017/images/000190.jpg,1208,777,346,483,cow
./Dataset/FriesianCattle2017/images/000190.jpg,919,1223,21,972,cow
./Dataset/FriesianCattle2017/images/000186.jpg,1200,780,361,487,cow
./Dataset/FriesianCattle2017/images/000186.jpg,881,1223,18,967,cow
./Dataset/FriesianCattle2017/images/000838.jpg,1168,934,615,308,cow
./Dataset/FriesianCattle2017/images/000838.jpg,1038,901,369,546,cow
./Dataset/FriesianCattle2017/images/000192.jpg,1208,782,358,488,cow
./Dataset/FriesianCattle2017/images/000192.jpg,906,1225,16,969,cow
./Dataset/FriesianCattle2017/images/000804.jpg,1206,866,450,482,cow
./Dataset/FriesianCattle2017/images/000810.jpg,1238,817,440,478,cow
./Dataset/FriesianCattle2017/images/000145.jpg,1185,812,336,483,cow
./Dataset/FriesianCattle2017/images/000145.jpg,1481,379,903,84,cow
./Dataset/FriesianCattle2017/images/000623.jpg,1276,751,277,468,cow
./Dataset/FriesianCattle2017/images/000637.jpg,1378,776,480,257,cow
./Dataset/FriesianCattle2017/images/000637.jpg,543,1218,3,442,cow
./Dataset/FriesianCattle2017/images/000151.jpg,1479,303,804,28,cow
./Dataset/FriesianCattle2017/images/000151.jpg,1216,787,345,487,cow
./Dataset/FriesianCattle2017/images/000179.jpg,1481,275,797,39,cow
./Dataset/FriesianCattle2017/images/000179.jpg,1124,739,270,473,cow
./Dataset/FriesianCattle2017/images/000384.jpg,1385,789,340,503,cow
./Dataset/FriesianCattle2017/images/000390.jpg,1436,752,419,482,cow
./Dataset/FriesianCattle2017/images/000421.jpg,1233,757,343,462,cow
./Dataset/FriesianCattle2017/images/000347.jpg,1263,739,308,468,cow
./Dataset/FriesianCattle2017/images/000353.jpg,1269,741,396,432,cow
./Dataset/FriesianCattle2017/images/000435.jpg,1091,790,346,427,cow
./Dataset/FriesianCattle2017/images/000409.jpg,1218,784,330,378,cow
./Dataset/FriesianCattle2017/images/000596.jpg,1230,756,358,444,cow
./Dataset/FriesianCattle2017/images/000582.jpg,1294,718,530,468,cow
./Dataset/FriesianCattle2017/images/000582.jpg,779,1216,188,693,cow
./Dataset/FriesianCattle2017/images/000555.jpg,1320,399,333,99,cow
./Dataset/FriesianCattle2017/images/000555.jpg,1172,771,310,459,cow
./Dataset/FriesianCattle2017/images/000233.jpg,1396,858,493,572,cow
./Dataset/FriesianCattle2017/images/000233.jpg,1048,787,201,302,cow
./Dataset/FriesianCattle2017/images/000233.jpg,1015,1226,209,805,cow
./Dataset/FriesianCattle2017/images/000227.jpg,807,483,3,219,cow
./Dataset/FriesianCattle2017/images/000227.jpg,1350,762,525,475,cow
./Dataset/FriesianCattle2017/images/000541.jpg,1362,528,492,99,cow
./Dataset/FriesianCattle2017/images/000541.jpg,1165,756,343,460,cow
./Dataset/FriesianCattle2017/images/000569.jpg,1213,779,312,478,cow
./Dataset/FriesianCattle2017/images/000569.jpg,1066,1160,239,820,cow
./Dataset/FriesianCattle2017/images/000794.jpg,1297,747,470,472,cow
./Dataset/FriesianCattle2017/images/000780.jpg,1472,738,450,477,cow
./Dataset/FriesianCattle2017/images/000031.jpg,1253,746,267,478,cow
./Dataset/FriesianCattle2017/images/000757.jpg,1317,899,571,472,cow
./Dataset/FriesianCattle2017/images/000757.jpg,965,695,4,222,cow
./Dataset/FriesianCattle2017/images/000743.jpg,1157,766,277,482,cow
./Dataset/FriesianCattle2017/images/000743.jpg,1477,399,951,99,cow
./Dataset/FriesianCattle2017/images/000025.jpg,1317,449,310,151,cow
./Dataset/FriesianCattle2017/images/000025.jpg,1187,769,389,414,cow
./Dataset/FriesianCattle2017/images/000019.jpg,1259,754,404,445,cow
./Dataset/FriesianCattle2017/images/000018.jpg,1284,762,399,455,cow
./Dataset/FriesianCattle2017/images/000742.jpg,1477,422,873,138,cow
./Dataset/FriesianCattle2017/images/000742.jpg,1160,782,328,467,cow
./Dataset/FriesianCattle2017/images/000024.jpg,1251,751,259,477,cow
./Dataset/FriesianCattle2017/images/000030.jpg,1258,744,254,473,cow
./Dataset/FriesianCattle2017/images/000756.jpg,1172,789,262,487,cow
./Dataset/FriesianCattle2017/images/000781.jpg,1215,759,170,473,cow
./Dataset/FriesianCattle2017/images/000795.jpg,1299,756,467,482,cow
./Dataset/FriesianCattle2017/images/000568.jpg,1203,782,325,483,cow
./Dataset/FriesianCattle2017/images/000568.jpg,1063,1168,254,818,cow
./Dataset/FriesianCattle2017/images/000226.jpg,767,503,9,234,cow
./Dataset/FriesianCattle2017/images/000226.jpg,1335,729,530,454,cow
./Dataset/FriesianCattle2017/images/000540.jpg,1373,518,496,95,cow
./Dataset/FriesianCattle2017/images/000540.jpg,1177,764,366,465,cow
./Dataset/FriesianCattle2017/images/000554.jpg,1482,340,478,95,cow
./Dataset/FriesianCattle2017/images/000554.jpg,1218,736,333,463,cow
./Dataset/FriesianCattle2017/images/000232.jpg,1362,847,574,351,cow
./Dataset/FriesianCattle2017/images/000232.jpg,1121,746,254,288,cow
./Dataset/FriesianCattle2017/images/000583.jpg,1261,742,508,483,cow
./Dataset/FriesianCattle2017/images/000583.jpg,729,1223,113,729,cow
./Dataset/FriesianCattle2017/images/000597.jpg,1261,747,348,454,cow
./Dataset/FriesianCattle2017/images/000408.jpg,1238,797,328,330,cow
./Dataset/FriesianCattle2017/images/000352.jpg,1292,817,488,460,cow
./Dataset/FriesianCattle2017/images/000434.jpg,1188,794,333,440,cow
./Dataset/FriesianCattle2017/images/000420.jpg,1228,759,343,468,cow
./Dataset/FriesianCattle2017/images/000346.jpg,1263,741,350,478,cow
./Dataset/FriesianCattle2017/images/000391.jpg,1443,752,447,482,cow
./Dataset/FriesianCattle2017/images/000385.jpg,1197,926,442,480,cow
./Dataset/FriesianCattle2017/images/000178.jpg,1466,257,802,23,cow
./Dataset/FriesianCattle2017/images/000178.jpg,1058,764,298,463,cow
./Dataset/FriesianCattle2017/images/000636.jpg,1373,757,396,463,cow
./Dataset/FriesianCattle2017/images/000150.jpg,1482,378,693,9,cow
./Dataset/FriesianCattle2017/images/000150.jpg,1175,734,270,477,cow
./Dataset/FriesianCattle2017/images/000144.jpg,1309,754,350,482,cow
./Dataset/FriesianCattle2017/images/000622.jpg,1281,747,275,472,cow
./Dataset/FriesianCattle2017/images/000811.jpg,1248,804,432,477,cow
./Dataset/FriesianCattle2017/images/000811.jpg,1464,708,954,216,cow
./Dataset/FriesianCattle2017/images/000805.jpg,1208,856,449,482,cow
./Dataset/FriesianCattle2017/images/000193.jpg,1223,774,384,488,cow
./Dataset/FriesianCattle2017/images/000193.jpg,954,1225,44,908,cow
./Dataset/FriesianCattle2017/images/000187.jpg,1203,766,350,480,cow
./Dataset/FriesianCattle2017/images/000187.jpg,931,1223,26,974,cow
./Dataset/FriesianCattle2017/images/000839.jpg,1436,840,769,325,cow
./Dataset/FriesianCattle2017/images/000839.jpg,1276,865,444,572,cow
./Dataset/FriesianCattle2017/images/000801.jpg,1206,850,463,477,cow
./Dataset/FriesianCattle2017/images/000815.jpg,1155,462,135,120,cow
./Dataset/FriesianCattle2017/images/000815.jpg,1375,739,533,465,cow
./Dataset/FriesianCattle2017/images/000183.jpg,1223,744,359,492,cow
./Dataset/FriesianCattle2017/images/000183.jpg,888,1220,13,969,cow
./Dataset/FriesianCattle2017/images/000197.jpg,1277,962,696,241,cow
./Dataset/FriesianCattle2017/images/000197.jpg,828,860,19,396,cow
./Dataset/FriesianCattle2017/images/000829.jpg,1266,861,508,493,cow
./Dataset/FriesianCattle2017/images/000168.jpg,1484,288,901,49,cow
./Dataset/FriesianCattle2017/images/000168.jpg,1178,840,354,492,cow
./Dataset/FriesianCattle2017/images/000626.jpg,957,833,11,442,cow
./Dataset/FriesianCattle2017/images/000626.jpg,1481,736,762,459,cow
./Dataset/FriesianCattle2017/images/000140.jpg,1479,336,893,90,cow
./Dataset/FriesianCattle2017/images/000140.jpg,1235,747,293,492,cow
./Dataset/FriesianCattle2017/images/000154.jpg,1210,813,353,475,cow
./Dataset/FriesianCattle2017/images/000154.jpg,1476,331,823,29,cow
./Dataset/FriesianCattle2017/images/000632.jpg,1339,746,425,473,cow
./Dataset/FriesianCattle2017/images/000381.jpg,1258,767,407,452,cow
./Dataset/FriesianCattle2017/images/000381.jpg,865,1073,112,728,cow
./Dataset/FriesianCattle2017/images/000395.jpg,1291,746,333,463,cow
./Dataset/FriesianCattle2017/images/000418.jpg,1269,761,335,470,cow
./Dataset/FriesianCattle2017/images/000342.jpg,1309,747,421,462,cow
./Dataset/FriesianCattle2017/images/000424.jpg,1233,749,336,462,cow
./Dataset/FriesianCattle2017/images/000430.jpg,1215,794,318,333,cow
./Dataset/FriesianCattle2017/images/000356.jpg,1165,738,255,437,cow
./Dataset/FriesianCattle2017/images/000593.jpg,1246,812,358,492,cow
./Dataset/FriesianCattle2017/images/000587.jpg,1187,830,459,496,cow
./Dataset/FriesianCattle2017/images/000587.jpg,1132,1221,140,955,cow
./Dataset/FriesianCattle2017/images/000578.jpg,1317,754,292,454,cow
./Dataset/FriesianCattle2017/images/000578.jpg,1007,1101,146,825,cow
./Dataset/FriesianCattle2017/images/000236.jpg,1345,813,501,317,cow
./Dataset/FriesianCattle2017/images/000236.jpg,883,850,34,525,cow
./Dataset/FriesianCattle2017/images/000236.jpg,868,422,90,160,cow
./Dataset/FriesianCattle2017/images/000550.jpg,1210,736,356,459,cow
./Dataset/FriesianCattle2017/images/000550.jpg,1477,406,506,127,cow
./Dataset/FriesianCattle2017/images/000544.jpg,1385,515,511,107,cow
./Dataset/FriesianCattle2017/images/000544.jpg,1168,756,348,463,cow
./Dataset/FriesianCattle2017/images/000222.jpg,1348,762,526,460,cow
./Dataset/FriesianCattle2017/images/000222.jpg,776,528,1,279,cow
./Dataset/FriesianCattle2017/images/000791.jpg,1292,766,566,487,cow
./Dataset/FriesianCattle2017/images/000785.jpg,1261,744,421,470,cow
./Dataset/FriesianCattle2017/images/000008.jpg,1231,739,257,478,cow
./Dataset/FriesianCattle2017/images/000752.jpg,1353,756,325,477,cow
./Dataset/FriesianCattle2017/images/000752.jpg,1310,1071,397,782,cow
./Dataset/FriesianCattle2017/images/000034.jpg,1211,736,425,505,cow
./Dataset/FriesianCattle2017/images/000020.jpg,1195,761,350,462,cow
./Dataset/FriesianCattle2017/images/000746.jpg,1325,757,407,477,cow
./Dataset/FriesianCattle2017/images/000746.jpg,705,1221,3,842,cow
./Dataset/FriesianCattle2017/images/000021.jpg,1235,767,386,447,cow
./Dataset/FriesianCattle2017/images/000747.jpg,1363,759,392,487,cow
./Dataset/FriesianCattle2017/images/000747.jpg,696,1197,3,823,cow
./Dataset/FriesianCattle2017/images/000753.jpg,1329,756,313,483,cow
./Dataset/FriesianCattle2017/images/000753.jpg,1268,1074,326,787,cow
./Dataset/FriesianCattle2017/images/000035.jpg,1261,742,424,505,cow
./Dataset/FriesianCattle2017/images/000009.jpg,1235,749,298,467,cow
./Dataset/FriesianCattle2017/images/000784.jpg,1254,757,457,475,cow
./Dataset/FriesianCattle2017/images/000790.jpg,1415,875,637,492,cow
./Dataset/FriesianCattle2017/images/000545.jpg,1386,516,511,97,cow
./Dataset/FriesianCattle2017/images/000545.jpg,1170,762,356,460,cow
./Dataset/FriesianCattle2017/images/000223.jpg,1342,761,520,465,cow
./Dataset/FriesianCattle2017/images/000223.jpg,779,534,1,274,cow
./Dataset/FriesianCattle2017/images/000237.jpg,1286,761,381,475,cow
./Dataset/FriesianCattle2017/images/000237.jpg,934,1150,29,825,cow
./Dataset/FriesianCattle2017/images/000551.jpg,1477,389,492,127,cow
./Dataset/FriesianCattle2017/images/000551.jpg,1216,736,340,460,cow
./Dataset/FriesianCattle2017/images/000579.jpg,1025,1111,173,830,cow
./Dataset/FriesianCattle2017/images/000579.jpg,1339,757,300,506,cow
./Dataset/FriesianCattle2017/images/000586.jpg,1268,810,508,500,cow
./Dataset/FriesianCattle2017/images/000586.jpg,817,1154,6,742,cow
./Dataset/FriesianCattle2017/images/000592.jpg,1352,800,538,477,cow
./Dataset/FriesianCattle2017/images/000431.jpg,1266,794,330,394,cow
./Dataset/FriesianCattle2017/images/000357.jpg,1332,790,505,467,cow
./Dataset/FriesianCattle2017/images/000343.jpg,1340,762,363,454,cow
./Dataset/FriesianCattle2017/images/000425.jpg,1235,759,326,452,cow
./Dataset/FriesianCattle2017/images/000419.jpg,1238,754,338,457,cow
./Dataset/FriesianCattle2017/images/000394.jpg,1286,756,320,468,cow
./Dataset/FriesianCattle2017/images/000380.jpg,1334,754,468,472,cow
./Dataset/FriesianCattle2017/images/000380.jpg,754,1168,4,766,cow
./Dataset/FriesianCattle2017/images/000155.jpg,1479,383,683,6,cow
./Dataset/FriesianCattle2017/images/000155.jpg,1145,751,262,468,cow
./Dataset/FriesianCattle2017/images/000633.jpg,1301,761,346,468,cow
./Dataset/FriesianCattle2017/images/000627.jpg,851,810,8,468,cow
./Dataset/FriesianCattle2017/images/000627.jpg,1477,749,777,424,cow
./Dataset/FriesianCattle2017/images/000141.jpg,1058,766,315,434,cow
./Dataset/FriesianCattle2017/images/000141.jpg,1479,465,904,104,cow
./Dataset/FriesianCattle2017/images/000169.jpg,1482,330,918,77,cow
./Dataset/FriesianCattle2017/images/000169.jpg,1162,848,340,485,cow
./Dataset/FriesianCattle2017/images/000196.jpg,1193,785,348,482,cow
./Dataset/FriesianCattle2017/images/000196.jpg,731,1223,28,738,cow
./Dataset/FriesianCattle2017/images/000828.jpg,1239,751,232,351,cow
./Dataset/FriesianCattle2017/images/000828.jpg,1249,1221,478,797,cow
./Dataset/FriesianCattle2017/images/000182.jpg,1304,767,462,503,cow
./Dataset/FriesianCattle2017/images/000182.jpg,883,1225,11,967,cow
./Dataset/FriesianCattle2017/images/000814.jpg,1484,513,579,133,cow
./Dataset/FriesianCattle2017/images/000814.jpg,1233,795,440,488,cow
./Dataset/FriesianCattle2017/images/000800.jpg,1225,851,455,480,cow
./Dataset/FriesianCattle2017/images/000816.jpg,1028,460,62,135,cow
./Dataset/FriesianCattle2017/images/000816.jpg,1315,744,421,472,cow
./Dataset/FriesianCattle2017/images/000802.jpg,1218,855,460,475,cow
./Dataset/FriesianCattle2017/images/000194.jpg,1206,777,384,422,cow
./Dataset/FriesianCattle2017/images/000194.jpg,696,1215,6,667,cow
./Dataset/FriesianCattle2017/images/000180.jpg,1484,361,939,90,cow
./Dataset/FriesianCattle2017/images/000180.jpg,1193,805,336,480,cow
./Dataset/FriesianCattle2017/images/000619.jpg,1385,741,450,488,cow
./Dataset/FriesianCattle2017/images/000631.jpg,1258,751,326,449,cow
./Dataset/FriesianCattle2017/images/000157.jpg,1066,799,295,419,cow
./Dataset/FriesianCattle2017/images/000157.jpg,1474,610,922,150,cow
./Dataset/FriesianCattle2017/images/000143.jpg,1302,749,341,498,cow
./Dataset/FriesianCattle2017/images/000625.jpg,1263,754,255,480,cow
./Dataset/FriesianCattle2017/images/000396.jpg,1322,805,500,492,cow
./Dataset/FriesianCattle2017/images/000382.jpg,1134,1076,353,771,cow
./Dataset/FriesianCattle2017/images/000382.jpg,1284,749,300,472,cow
./Dataset/FriesianCattle2017/images/000369.jpg,1215,769,505,480,cow
./Dataset/FriesianCattle2017/images/000355.jpg,1185,777,165,470,cow
./Dataset/FriesianCattle2017/images/000433.jpg,1195,792,340,429,cow
./Dataset/FriesianCattle2017/images/000427.jpg,1287,771,323,478,cow
./Dataset/FriesianCattle2017/images/000341.jpg,1327,764,472,475,cow
./Dataset/FriesianCattle2017/images/000584.jpg,1243,757,496,468,cow
./Dataset/FriesianCattle2017/images/000584.jpg,728,1223,47,716,cow
./Dataset/FriesianCattle2017/images/000590.jpg,1160,751,262,496,cow
./Dataset/FriesianCattle2017/images/000590.jpg,1195,1168,214,842,cow
./Dataset/FriesianCattle2017/images/000209.jpg,1258,751,351,490,cow
./Dataset/FriesianCattle2017/images/000221.jpg,1396,1107,505,789,cow
./Dataset/FriesianCattle2017/images/000221.jpg,1150,752,270,478,cow
./Dataset/FriesianCattle2017/images/000547.jpg,1429,434,492,104,cow
./Dataset/FriesianCattle2017/images/000547.jpg,1165,744,359,459,cow
./Dataset/FriesianCattle2017/images/000553.jpg,1474,392,534,117,cow
./Dataset/FriesianCattle2017/images/000553.jpg,1223,747,359,460,cow
./Dataset/FriesianCattle2017/images/000235.jpg,1418,818,538,439,cow
./Dataset/FriesianCattle2017/images/000235.jpg,884,962,89,315,cow
./Dataset/FriesianCattle2017/images/000235.jpg,1078,1223,326,724,cow
./Dataset/FriesianCattle2017/images/000786.jpg,1348,756,460,465,cow
./Dataset/FriesianCattle2017/images/000792.jpg,1365,833,620,495,cow
./Dataset/FriesianCattle2017/images/000779.jpg,1461,756,480,492,cow
./Dataset/FriesianCattle2017/images/000745.jpg,1236,771,444,482,cow
./Dataset/FriesianCattle2017/images/000745.jpg,648,1223,1,817,cow
./Dataset/FriesianCattle2017/images/000023.jpg,1187,759,262,460,cow
./Dataset/FriesianCattle2017/images/000037.jpg,1225,736,518,505,cow
./Dataset/FriesianCattle2017/images/000751.jpg,1406,752,359,482,cow
./Dataset/FriesianCattle2017/images/000751.jpg,1476,1045,675,757,cow
./Dataset/FriesianCattle2017/images/000036.jpg,1155,746,246,500,cow
./Dataset/FriesianCattle2017/images/000750.jpg,1400,752,383,493,cow
./Dataset/FriesianCattle2017/images/000750.jpg,1482,1023,695,742,cow
./Dataset/FriesianCattle2017/images/000744.jpg,1347,742,485,470,cow
./Dataset/FriesianCattle2017/images/000022.jpg,1481,475,695,173,cow
./Dataset/FriesianCattle2017/images/000022.jpg,1152,761,411,457,cow
./Dataset/FriesianCattle2017/images/000778.jpg,1386,747,526,490,cow
./Dataset/FriesianCattle2017/images/000793.jpg,1256,777,483,477,cow
./Dataset/FriesianCattle2017/images/000787.jpg,1441,787,567,435,cow
./Dataset/FriesianCattle2017/images/000552.jpg,1221,734,348,463,cow
./Dataset/FriesianCattle2017/images/000552.jpg,1477,391,538,120,cow
./Dataset/FriesianCattle2017/images/000234.jpg,1433,853,543,526,cow
./Dataset/FriesianCattle2017/images/000234.jpg,954,876,208,193,cow
./Dataset/FriesianCattle2017/images/000234.jpg,1068,1221,295,764,cow
./Dataset/FriesianCattle2017/images/000220.jpg,1266,762,264,465,cow
./Dataset/FriesianCattle2017/images/000220.jpg,1375,1150,478,837,cow
./Dataset/FriesianCattle2017/images/000546.jpg,1380,493,493,97,cow
./Dataset/FriesianCattle2017/images/000546.jpg,1177,749,356,457,cow
./Dataset/FriesianCattle2017/images/000208.jpg,1281,754,358,505,cow
./Dataset/FriesianCattle2017/images/000591.jpg,1310,823,526,498,cow
./Dataset/FriesianCattle2017/images/000585.jpg,1231,772,475,496,cow
./Dataset/FriesianCattle2017/images/000585.jpg,744,1197,8,709,cow
./Dataset/FriesianCattle2017/images/000426.jpg,1235,754,317,472,cow
./Dataset/FriesianCattle2017/images/000340.jpg,1304,751,490,493,cow
./Dataset/FriesianCattle2017/images/000354.jpg,1187,764,236,473,cow
./Dataset/FriesianCattle2017/images/000432.jpg,1210,797,336,397,cow
./Dataset/FriesianCattle2017/images/000368.jpg,1126,728,128,454,cow
./Dataset/FriesianCattle2017/images/000383.jpg,1266,799,442,477,cow
./Dataset/FriesianCattle2017/images/000397.jpg,1284,744,401,478,cow
./Dataset/FriesianCattle2017/images/000142.jpg,1140,762,359,335,cow
./Dataset/FriesianCattle2017/images/000142.jpg,1210,348,326,70,cow
./Dataset/FriesianCattle2017/images/000624.jpg,1292,754,267,475,cow
./Dataset/FriesianCattle2017/images/000630.jpg,1162,769,274,457,cow
./Dataset/FriesianCattle2017/images/000156.jpg,1479,285,812,13,cow
./Dataset/FriesianCattle2017/images/000156.jpg,1109,754,368,262,cow
./Dataset/FriesianCattle2017/images/000618.jpg,1390,693,462,470,cow
./Dataset/FriesianCattle2017/images/000181.jpg,1274,749,485,500,cow
./Dataset/FriesianCattle2017/images/000195.jpg,1198,787,358,478,cow
./Dataset/FriesianCattle2017/images/000195.jpg,734,1221,34,752,cow
./Dataset/FriesianCattle2017/images/000803.jpg,1225,855,459,482,cow
./Dataset/FriesianCattle2017/images/000817.jpg,1256,764,612,439,cow
./Dataset/FriesianCattle2017/images/000694.jpg,1276,807,463,465,cow
./Dataset/FriesianCattle2017/images/000680.jpg,1408,747,427,472,cow
./Dataset/FriesianCattle2017/images/000858.jpg,1243,736,212,459,cow
./Dataset/FriesianCattle2017/images/000858.jpg,1282,992,369,741,cow
./Dataset/FriesianCattle2017/images/000870.jpg,1216,817,597,467,cow
./Dataset/FriesianCattle2017/images/000864.jpg,1038,1221,356,617,cow
./Dataset/FriesianCattle2017/images/000864.jpg,1337,762,487,424,cow
./Dataset/FriesianCattle2017/images/000657.jpg,1461,746,472,470,cow
./Dataset/FriesianCattle2017/images/000131.jpg,1273,769,386,439,cow
./Dataset/FriesianCattle2017/images/000131.jpg,584,1215,1,899,cow
./Dataset/FriesianCattle2017/images/000125.jpg,1431,759,429,501,cow
./Dataset/FriesianCattle2017/images/000125.jpg,683,1220,8,911,cow
./Dataset/FriesianCattle2017/images/000643.jpg,1249,769,343,444,cow
./Dataset/FriesianCattle2017/images/000119.jpg,1220,795,368,495,cow
./Dataset/FriesianCattle2017/images/000119.jpg,766,1221,8,984,cow
./Dataset/FriesianCattle2017/images/000496.jpg,1277,776,328,455,cow
./Dataset/FriesianCattle2017/images/000496.jpg,1474,1215,960,751,cow
./Dataset/FriesianCattle2017/images/000482.jpg,1145,749,160,478,cow
./Dataset/FriesianCattle2017/images/000333.jpg,1258,751,500,487,cow
./Dataset/FriesianCattle2017/images/000455.jpg,1484,591,845,189,cow
./Dataset/FriesianCattle2017/images/000455.jpg,1291,751,348,473,cow
./Dataset/FriesianCattle2017/images/000441.jpg,1329,977,539,515,cow
./Dataset/FriesianCattle2017/images/000327.jpg,1271,825,534,452,cow
./Dataset/FriesianCattle2017/images/000469.jpg,1226,757,450,478,cow
./Dataset/FriesianCattle2017/images/000469.jpg,1481,894,1135,437,cow
./Dataset/FriesianCattle2017/images/000469.jpg,1000,1060,254,714,cow
./Dataset/FriesianCattle2017/images/000284.jpg,1254,903,371,470,cow
./Dataset/FriesianCattle2017/images/000290.jpg,1182,886,279,470,cow
./Dataset/FriesianCattle2017/images/000247.jpg,1314,757,437,477,cow
./Dataset/FriesianCattle2017/images/000247.jpg,903,1162,90,830,cow
./Dataset/FriesianCattle2017/images/000521.jpg,1315,764,513,468,cow
./Dataset/FriesianCattle2017/images/000535.jpg,1416,501,521,115,cow
./Dataset/FriesianCattle2017/images/000535.jpg,1195,757,341,460,cow
./Dataset/FriesianCattle2017/images/000253.jpg,1325,569,681,141,cow
./Dataset/FriesianCattle2017/images/000253.jpg,1243,711,406,430,cow
./Dataset/FriesianCattle2017/images/000253.jpg,817,993,6,729,cow
./Dataset/FriesianCattle2017/images/000509.jpg,1344,805,518,490,cow
./Dataset/FriesianCattle2017/images/000938.jpg,1438,934,596,500,cow
./Dataset/FriesianCattle2017/images/000086.jpg,1317,759,495,470,cow
./Dataset/FriesianCattle2017/images/000092.jpg,1459,759,447,459,cow
./Dataset/FriesianCattle2017/images/000092.jpg,711,1220,6,906,cow
./Dataset/FriesianCattle2017/images/000904.jpg,1068,780,320,450,cow
./Dataset/FriesianCattle2017/images/000910.jpg,1149,759,312,457,cow
./Dataset/FriesianCattle2017/images/000723.jpg,1398,683,454,402,cow
./Dataset/FriesianCattle2017/images/000045.jpg,1162,842,432,493,cow
./Dataset/FriesianCattle2017/images/000051.jpg,1367,744,437,472,cow
./Dataset/FriesianCattle2017/images/000737.jpg,1135,792,374,455,cow
./Dataset/FriesianCattle2017/images/000079.jpg,1370,771,467,492,cow
./Dataset/FriesianCattle2017/images/000078.jpg,1355,754,483,473,cow
./Dataset/FriesianCattle2017/images/000050.jpg,1345,723,437,460,cow
./Dataset/FriesianCattle2017/images/000736.jpg,1139,797,356,457,cow
./Dataset/FriesianCattle2017/images/000722.jpg,1401,756,525,490,cow
./Dataset/FriesianCattle2017/images/000044.jpg,1139,838,442,492,cow
./Dataset/FriesianCattle2017/images/000911.jpg,1479,847,705,359,cow
./Dataset/FriesianCattle2017/images/000911.jpg,876,911,117,515,cow
./Dataset/FriesianCattle2017/images/000905.jpg,1068,782,315,449,cow
./Dataset/FriesianCattle2017/images/000093.jpg,1289,845,492,488,cow
./Dataset/FriesianCattle2017/images/000093.jpg,576,1213,1,767,cow
./Dataset/FriesianCattle2017/images/000939.jpg,1347,747,450,465,cow
./Dataset/FriesianCattle2017/images/000087.jpg,1340,723,427,445,cow
./Dataset/FriesianCattle2017/images/000508.jpg,1339,797,563,480,cow
./Dataset/FriesianCattle2017/images/000534.jpg,1469,521,643,123,cow
./Dataset/FriesianCattle2017/images/000534.jpg,1187,751,346,468,cow
./Dataset/FriesianCattle2017/images/000252.jpg,1256,962,645,389,cow
./Dataset/FriesianCattle2017/images/000252.jpg,1030,924,277,468,cow
./Dataset/FriesianCattle2017/images/000246.jpg,1310,752,439,483,cow
./Dataset/FriesianCattle2017/images/000246.jpg,929,1182,70,848,cow
./Dataset/FriesianCattle2017/images/000520.jpg,1297,774,510,488,cow
./Dataset/FriesianCattle2017/images/000291.jpg,1162,810,193,480,cow
./Dataset/FriesianCattle2017/images/000285.jpg,1235,886,364,467,cow
./Dataset/FriesianCattle2017/images/000468.jpg,1482,954,1117,454,cow
./Dataset/FriesianCattle2017/images/000468.jpg,1211,827,511,496,cow
./Dataset/FriesianCattle2017/images/000468.jpg,921,1066,158,754,cow
./Dataset/FriesianCattle2017/images/000440.jpg,1368,771,546,427,cow
./Dataset/FriesianCattle2017/images/000326.jpg,1299,733,368,480,cow
./Dataset/FriesianCattle2017/images/000332.jpg,1266,754,513,488,cow
./Dataset/FriesianCattle2017/images/000454.jpg,1484,647,955,206,cow
./Dataset/FriesianCattle2017/images/000454.jpg,1249,746,346,457,cow
./Dataset/FriesianCattle2017/images/000483.jpg,1320,769,554,468,cow
./Dataset/FriesianCattle2017/images/000497.jpg,1315,777,363,397,cow
./Dataset/FriesianCattle2017/images/000497.jpg,1479,1218,1015,777,cow
./Dataset/FriesianCattle2017/images/000118.jpg,1160,794,396,490,cow
./Dataset/FriesianCattle2017/images/000118.jpg,790,1220,8,974,cow
./Dataset/FriesianCattle2017/images/000124.jpg,1304,742,397,498,cow
./Dataset/FriesianCattle2017/images/000124.jpg,662,1225,1,913,cow
./Dataset/FriesianCattle2017/images/000642.jpg,1347,780,391,460,cow
./Dataset/FriesianCattle2017/images/000656.jpg,1476,746,478,482,cow
./Dataset/FriesianCattle2017/images/000130.jpg,617,1215,6,913,cow
./Dataset/FriesianCattle2017/images/000130.jpg,1271,764,391,432,cow
./Dataset/FriesianCattle2017/images/000865.jpg,1246,749,335,493,cow
./Dataset/FriesianCattle2017/images/000865.jpg,1210,487,184,199,cow
./Dataset/FriesianCattle2017/images/000871.jpg,1131,762,520,492,cow
./Dataset/FriesianCattle2017/images/000859.jpg,1482,929,1025,351,cow
./Dataset/FriesianCattle2017/images/000859.jpg,1183,810,472,262,cow
./Dataset/FriesianCattle2017/images/000859.jpg,916,863,39,419,cow
./Dataset/FriesianCattle2017/images/000681.jpg,1149,853,485,465,cow
./Dataset/FriesianCattle2017/images/000695.jpg,1281,807,468,462,cow
./Dataset/FriesianCattle2017/images/000683.jpg,1132,769,394,402,cow
./Dataset/FriesianCattle2017/images/000697.jpg,1246,837,477,460,cow
./Dataset/FriesianCattle2017/images/000867.jpg,1269,771,450,488,cow
./Dataset/FriesianCattle2017/images/000873.jpg,1093,749,430,480,cow
./Dataset/FriesianCattle2017/images/000898.jpg,1063,782,328,457,cow
./Dataset/FriesianCattle2017/images/000640.jpg,1401,749,434,470,cow
./Dataset/FriesianCattle2017/images/000126.jpg,1472,772,430,450,cow
./Dataset/FriesianCattle2017/images/000126.jpg,721,1218,3,921,cow
./Dataset/FriesianCattle2017/images/000132.jpg,1291,772,386,432,cow
./Dataset/FriesianCattle2017/images/000132.jpg,655,1220,4,909,cow
./Dataset/FriesianCattle2017/images/000654.jpg,1462,741,482,470,cow
./Dataset/FriesianCattle2017/images/000668.jpg,1099,1030,89,714,cow
./Dataset/FriesianCattle2017/images/000668.jpg,1310,752,452,465,cow
./Dataset/FriesianCattle2017/images/000481.jpg,1203,746,199,455,cow
./Dataset/FriesianCattle2017/images/000495.jpg,1322,756,320,500,cow
./Dataset/FriesianCattle2017/images/000495.jpg,1477,1066,967,698,cow
./Dataset/FriesianCattle2017/images/000324.jpg,1213,747,399,480,cow
./Dataset/FriesianCattle2017/images/000442.jpg,1332,828,495,477,cow
./Dataset/FriesianCattle2017/images/000456.jpg,1482,609,794,176,cow
./Dataset/FriesianCattle2017/images/000456.jpg,1294,746,358,472,cow
./Dataset/FriesianCattle2017/images/000330.jpg,1263,751,480,478,cow
./Dataset/FriesianCattle2017/images/000318.jpg,1205,754,257,465,cow
./Dataset/FriesianCattle2017/images/000293.jpg,1271,746,516,468,cow
./Dataset/FriesianCattle2017/images/000287.jpg,1162,823,216,460,cow
./Dataset/FriesianCattle2017/images/000250.jpg,1477,477,805,160,cow
./Dataset/FriesianCattle2017/images/000250.jpg,1322,757,430,465,cow
./Dataset/FriesianCattle2017/images/000250.jpg,842,1137,33,797,cow
./Dataset/FriesianCattle2017/images/000536.jpg,1373,531,513,115,cow
./Dataset/FriesianCattle2017/images/000536.jpg,1202,739,358,463,cow
./Dataset/FriesianCattle2017/images/000522.jpg,1268,759,450,498,cow
./Dataset/FriesianCattle2017/images/000244.jpg,1254,762,379,483,cow
./Dataset/FriesianCattle2017/images/000244.jpg,861,1127,4,837,cow
./Dataset/FriesianCattle2017/images/000278.jpg,1365,802,473,473,cow
./Dataset/FriesianCattle2017/images/000091.jpg,1330,759,394,455,cow
./Dataset/FriesianCattle2017/images/000091.jpg,690,1220,6,921,cow
./Dataset/FriesianCattle2017/images/000085.jpg,1309,777,488,473,cow
./Dataset/FriesianCattle2017/images/000913.jpg,1309,454,331,170,cow
./Dataset/FriesianCattle2017/images/000913.jpg,1165,761,254,492,cow
./Dataset/FriesianCattle2017/images/000907.jpg,1066,787,317,450,cow
./Dataset/FriesianCattle2017/images/000734.jpg,1218,764,333,460,cow
./Dataset/FriesianCattle2017/images/000052.jpg,1302,731,414,483,cow
./Dataset/FriesianCattle2017/images/000046.jpg,1231,865,449,487,cow
./Dataset/FriesianCattle2017/images/000720.jpg,1319,759,439,495,cow
./Dataset/FriesianCattle2017/images/000708.jpg,1261,729,419,455,cow
./Dataset/FriesianCattle2017/images/000709.jpg,1296,734,435,473,cow
./Dataset/FriesianCattle2017/images/000709.jpg,1477,485,724,148,cow
./Dataset/FriesianCattle2017/images/000047.jpg,1310,762,450,470,cow
./Dataset/FriesianCattle2017/images/000721.jpg,1238,762,274,483,cow
./Dataset/FriesianCattle2017/images/000721.jpg,942,1200,26,893,cow
./Dataset/FriesianCattle2017/images/000735.jpg,1124,797,364,455,cow
./Dataset/FriesianCattle2017/images/000053.jpg,1238,738,333,495,cow
./Dataset/FriesianCattle2017/images/000906.jpg,1069,777,317,449,cow
./Dataset/FriesianCattle2017/images/000912.jpg,1426,475,520,193,cow
./Dataset/FriesianCattle2017/images/000912.jpg,1142,764,282,478,cow
./Dataset/FriesianCattle2017/images/000084.jpg,1248,820,511,459,cow
./Dataset/FriesianCattle2017/images/000090.jpg,1332,757,487,475,cow
./Dataset/FriesianCattle2017/images/000279.jpg,1324,764,421,480,cow
./Dataset/FriesianCattle2017/images/000523.jpg,1244,759,432,472,cow
./Dataset/FriesianCattle2017/images/000245.jpg,1320,756,437,463,cow
./Dataset/FriesianCattle2017/images/000245.jpg,939,1190,69,847,cow
./Dataset/FriesianCattle2017/images/000251.jpg,1448,584,724,204,cow
./Dataset/FriesianCattle2017/images/000251.jpg,1261,757,434,477,cow
./Dataset/FriesianCattle2017/images/000251.jpg,949,1190,46,827,cow
./Dataset/FriesianCattle2017/images/000537.jpg,1372,530,518,108,cow
./Dataset/FriesianCattle2017/images/000537.jpg,1190,741,354,463,cow
./Dataset/FriesianCattle2017/images/000286.jpg,1173,820,217,455,cow
./Dataset/FriesianCattle2017/images/000292.jpg,1228,756,541,455,cow
./Dataset/FriesianCattle2017/images/000319.jpg,1203,752,282,472,cow
./Dataset/FriesianCattle2017/images/000457.jpg,1476,478,619,130,cow
./Dataset/FriesianCattle2017/images/000457.jpg,1281,751,346,483,cow
./Dataset/FriesianCattle2017/images/000331.jpg,1258,754,510,483,cow
./Dataset/FriesianCattle2017/images/000325.jpg,1210,731,336,470,cow
./Dataset/FriesianCattle2017/images/000443.jpg,1365,807,460,490,cow
./Dataset/FriesianCattle2017/images/000494.jpg,1310,749,321,503,cow
./Dataset/FriesianCattle2017/images/000494.jpg,1484,1076,972,683,cow
./Dataset/FriesianCattle2017/images/000480.jpg,1291,751,336,478,cow
./Dataset/FriesianCattle2017/images/000669.jpg,1256,756,376,473,cow
./Dataset/FriesianCattle2017/images/000669.jpg,1036,1107,23,761,cow
./Dataset/FriesianCattle2017/images/000133.jpg,1296,767,391,437,cow
./Dataset/FriesianCattle2017/images/000133.jpg,696,1220,4,924,cow
./Dataset/FriesianCattle2017/images/000655.jpg,1474,741,475,473,cow
./Dataset/FriesianCattle2017/images/000641.jpg,1381,764,402,467,cow
./Dataset/FriesianCattle2017/images/000899.jpg,1114,764,307,455,cow
./Dataset/FriesianCattle2017/images/000127.jpg,1353,764,392,449,cow
./Dataset/FriesianCattle2017/images/000127.jpg,650,1223,1,913,cow
./Dataset/FriesianCattle2017/images/000872.jpg,1066,752,495,493,cow
./Dataset/FriesianCattle2017/images/000866.jpg,1142,544,209,274,cow
./Dataset/FriesianCattle2017/images/000866.jpg,1157,764,179,508,cow
./Dataset/FriesianCattle2017/images/000696.jpg,1244,842,478,459,cow
./Dataset/FriesianCattle2017/images/000682.jpg,1185,754,435,460,cow
./Dataset/FriesianCattle2017/images/000862.jpg,1456,749,624,381,cow
./Dataset/FriesianCattle2017/images/000862.jpg,1030,762,105,473,cow
./Dataset/FriesianCattle2017/images/000862.jpg,1060,1026,90,772,cow
./Dataset/FriesianCattle2017/images/000876.jpg,1243,757,376,487,cow
./Dataset/FriesianCattle2017/images/000686.jpg,1195,766,406,475,cow
./Dataset/FriesianCattle2017/images/000692.jpg,1218,751,437,449,cow
./Dataset/FriesianCattle2017/images/000679.jpg,1400,749,450,477,cow
./Dataset/FriesianCattle2017/images/000123.jpg,1215,804,373,492,cow
./Dataset/FriesianCattle2017/images/000123.jpg,738,1223,3,974,cow
./Dataset/FriesianCattle2017/images/000645.jpg,1129,830,338,425,cow
./Dataset/FriesianCattle2017/images/000889.jpg,1063,805,358,457,cow
./Dataset/FriesianCattle2017/images/000651.jpg,1203,875,498,485,cow
./Dataset/FriesianCattle2017/images/000137.jpg,1203,807,356,492,cow
./Dataset/FriesianCattle2017/images/000137.jpg,1479,312,964,51,cow
./Dataset/FriesianCattle2017/images/000484.jpg,1355,757,477,487,cow
./Dataset/FriesianCattle2017/images/000490.jpg,1370,742,288,490,cow
./Dataset/FriesianCattle2017/images/000309.jpg,1335,761,454,470,cow
./Dataset/FriesianCattle2017/images/000447.jpg,1198,761,346,457,cow
./Dataset/FriesianCattle2017/images/000321.jpg,1254,848,582,490,cow
./Dataset/FriesianCattle2017/images/000335.jpg,1259,751,501,487,cow
./Dataset/FriesianCattle2017/images/000453.jpg,1202,777,345,457,cow
./Dataset/FriesianCattle2017/images/000453.jpg,1482,658,967,209,cow
./Dataset/FriesianCattle2017/images/000296.jpg,1243,744,530,480,cow
./Dataset/FriesianCattle2017/images/000282.jpg,1372,794,416,467,cow
./Dataset/FriesianCattle2017/images/000269.jpg,1395,751,541,496,cow
./Dataset/FriesianCattle2017/images/000533.jpg,1474,571,792,110,cow
./Dataset/FriesianCattle2017/images/000533.jpg,1220,738,361,465,cow
./Dataset/FriesianCattle2017/images/000255.jpg,1477,397,665,4,cow
./Dataset/FriesianCattle2017/images/000255.jpg,1259,759,320,477,cow
./Dataset/FriesianCattle2017/images/000241.jpg,1287,766,381,473,cow
./Dataset/FriesianCattle2017/images/000241.jpg,939,1145,11,825,cow
./Dataset/FriesianCattle2017/images/000527.jpg,1248,744,416,462,cow
./Dataset/FriesianCattle2017/images/000916.jpg,1327,756,480,475,cow
./Dataset/FriesianCattle2017/images/000902.jpg,1093,780,313,459,cow
./Dataset/FriesianCattle2017/images/000094.jpg,1302,776,492,496,cow
./Dataset/FriesianCattle2017/images/000094.jpg,637,1221,4,853,cow
./Dataset/FriesianCattle2017/images/000080.jpg,1330,759,490,472,cow
./Dataset/FriesianCattle2017/images/000719.jpg,1428,774,577,492,cow
./Dataset/FriesianCattle2017/images/000057.jpg,1253,738,318,467,cow
./Dataset/FriesianCattle2017/images/000731.jpg,1268,754,427,467,cow
./Dataset/FriesianCattle2017/images/000725.jpg,1344,746,371,485,cow
./Dataset/FriesianCattle2017/images/000725.jpg,934,1078,14,790,cow
./Dataset/FriesianCattle2017/images/000043.jpg,1139,837,444,498,cow
./Dataset/FriesianCattle2017/images/000724.jpg,1398,711,459,430,cow
./Dataset/FriesianCattle2017/images/000042.jpg,1241,807,482,487,cow
./Dataset/FriesianCattle2017/images/000056.jpg,1339,762,470,482,cow
./Dataset/FriesianCattle2017/images/000730.jpg,1284,769,449,488,cow
./Dataset/FriesianCattle2017/images/000718.jpg,1254,742,267,485,cow
./Dataset/FriesianCattle2017/images/000718.jpg,1307,1114,457,820,cow
./Dataset/FriesianCattle2017/images/000081.jpg,1348,756,485,472,cow
./Dataset/FriesianCattle2017/images/000095.jpg,1347,757,472,496,cow
./Dataset/FriesianCattle2017/images/000095.jpg,685,1221,3,894,cow
./Dataset/FriesianCattle2017/images/000903.jpg,1069,782,320,452,cow
./Dataset/FriesianCattle2017/images/000917.jpg,1215,769,264,483,cow
./Dataset/FriesianCattle2017/images/000240.jpg,1286,757,386,483,cow
./Dataset/FriesianCattle2017/images/000240.jpg,944,1145,28,823,cow
./Dataset/FriesianCattle2017/images/000526.jpg,1202,779,389,457,cow
./Dataset/FriesianCattle2017/images/000532.jpg,1261,746,363,465,cow
./Dataset/FriesianCattle2017/images/000254.jpg,1210,1038,658,293,cow
./Dataset/FriesianCattle2017/images/000254.jpg,921,1142,298,421,cow
./Dataset/FriesianCattle2017/images/000268.jpg,1348,761,351,459,cow
./Dataset/FriesianCattle2017/images/000283.jpg,1259,871,359,472,cow
./Dataset/FriesianCattle2017/images/000297.jpg,1241,744,506,475,cow
./Dataset/FriesianCattle2017/images/000334.jpg,1246,759,506,485,cow
./Dataset/FriesianCattle2017/images/000452.jpg,1203,767,351,454,cow
./Dataset/FriesianCattle2017/images/000446.jpg,1238,751,366,468,cow
./Dataset/FriesianCattle2017/images/000320.jpg,1216,751,267,477,cow
./Dataset/FriesianCattle2017/images/000308.jpg,1363,772,470,468,cow
./Dataset/FriesianCattle2017/images/000491.jpg,1386,741,279,492,cow
./Dataset/FriesianCattle2017/images/000485.jpg,1335,756,468,473,cow
./Dataset/FriesianCattle2017/images/000650.jpg,1172,721,140,435,cow
./Dataset/FriesianCattle2017/images/000888.jpg,1061,802,340,449,cow
./Dataset/FriesianCattle2017/images/000136.jpg,1482,373,937,77,cow
./Dataset/FriesianCattle2017/images/000136.jpg,1192,810,345,480,cow
./Dataset/FriesianCattle2017/images/000122.jpg,1230,817,397,492,cow
./Dataset/FriesianCattle2017/images/000122.jpg,747,1225,4,957,cow
./Dataset/FriesianCattle2017/images/000644.jpg,1165,818,331,430,cow
./Dataset/FriesianCattle2017/images/000678.jpg,1299,744,336,473,cow
./Dataset/FriesianCattle2017/images/000693.jpg,1254,804,472,463,cow
./Dataset/FriesianCattle2017/images/000687.jpg,1228,756,437,460,cow
./Dataset/FriesianCattle2017/images/000877.jpg,1241,746,340,475,cow
./Dataset/FriesianCattle2017/images/000863.jpg,1365,739,482,468,cow
./Dataset/FriesianCattle2017/images/000863.jpg,1073,1015,137,736,cow
./Dataset/FriesianCattle2017/images/000875.jpg,1216,738,417,480,cow
./Dataset/FriesianCattle2017/images/000861.jpg,1477,889,927,340,cow
./Dataset/FriesianCattle2017/images/000861.jpg,1198,832,447,321,cow
./Dataset/FriesianCattle2017/images/000861.jpg,911,871,28,534,cow
./Dataset/FriesianCattle2017/images/000691.jpg,1259,784,488,480,cow
./Dataset/FriesianCattle2017/images/000849.jpg,1466,884,690,328,cow
./Dataset/FriesianCattle2017/images/000849.jpg,1116,891,241,516,cow
./Dataset/FriesianCattle2017/images/000685.jpg,1215,757,402,480,cow
./Dataset/FriesianCattle2017/images/000108.jpg,1289,751,386,510,cow
./Dataset/FriesianCattle2017/images/000108.jpg,650,1223,4,914,cow
./Dataset/FriesianCattle2017/images/000134.jpg,1198,813,341,487,cow
./Dataset/FriesianCattle2017/images/000134.jpg,1481,345,942,85,cow
./Dataset/FriesianCattle2017/images/000652.jpg,1306,822,485,472,cow
./Dataset/FriesianCattle2017/images/000646.jpg,1157,818,320,435,cow
./Dataset/FriesianCattle2017/images/000120.jpg,1231,807,373,492,cow
./Dataset/FriesianCattle2017/images/000120.jpg,754,1226,3,974,cow
./Dataset/FriesianCattle2017/images/000493.jpg,1408,746,274,492,cow
./Dataset/FriesianCattle2017/images/000493.jpg,1476,1226,868,744,cow
./Dataset/FriesianCattle2017/images/000487.jpg,1372,749,447,485,cow
./Dataset/FriesianCattle2017/images/000478.jpg,1330,742,462,468,cow
./Dataset/FriesianCattle2017/images/000450.jpg,1183,784,364,463,cow
./Dataset/FriesianCattle2017/images/000336.jpg,1261,757,510,487,cow
./Dataset/FriesianCattle2017/images/000322.jpg,1269,820,523,492,cow
./Dataset/FriesianCattle2017/images/000444.jpg,1273,756,371,488,cow
./Dataset/FriesianCattle2017/images/000281.jpg,1339,762,389,467,cow
./Dataset/FriesianCattle2017/images/000295.jpg,1239,749,515,478,cow
./Dataset/FriesianCattle2017/images/000518.jpg,1322,840,520,485,cow
./Dataset/FriesianCattle2017/images/000524.jpg,1178,780,383,470,cow
./Dataset/FriesianCattle2017/images/000242.jpg,1281,757,371,482,cow
./Dataset/FriesianCattle2017/images/000242.jpg,889,1122,3,797,cow
./Dataset/FriesianCattle2017/images/000256.jpg,1408,772,521,478,cow
./Dataset/FriesianCattle2017/images/000256.jpg,911,1122,37,830,cow
./Dataset/FriesianCattle2017/images/000530.jpg,1253,741,353,475,cow
./Dataset/FriesianCattle2017/images/000901.jpg,1117,764,308,455,cow
./Dataset/FriesianCattle2017/images/000915.jpg,1322,756,482,477,cow
./Dataset/FriesianCattle2017/images/000083.jpg,1244,884,554,500,cow
./Dataset/FriesianCattle2017/images/000929.jpg,1464,752,531,462,cow
./Dataset/FriesianCattle2017/images/000097.jpg,1297,754,447,500,cow
./Dataset/FriesianCattle2017/images/000097.jpg,746,1216,8,916,cow
./Dataset/FriesianCattle2017/images/000068.jpg,1277,774,412,480,cow
./Dataset/FriesianCattle2017/images/000040.jpg,1226,805,530,490,cow
./Dataset/FriesianCattle2017/images/000726.jpg,1362,754,525,482,cow
./Dataset/FriesianCattle2017/images/000732.jpg,1345,729,463,472,cow
./Dataset/FriesianCattle2017/images/000054.jpg,1302,746,368,487,cow
./Dataset/FriesianCattle2017/images/000733.jpg,1246,756,356,457,cow
./Dataset/FriesianCattle2017/images/000055.jpg,1228,738,421,465,cow
./Dataset/FriesianCattle2017/images/000041.jpg,1269,820,538,493,cow
./Dataset/FriesianCattle2017/images/000727.jpg,1357,759,468,477,cow
./Dataset/FriesianCattle2017/images/000069.jpg,1306,721,381,477,cow
./Dataset/FriesianCattle2017/images/000928.jpg,1479,762,480,470,cow
./Dataset/FriesianCattle2017/images/000096.jpg,744,1206,4,901,cow
./Dataset/FriesianCattle2017/images/000096.jpg,1315,744,477,496,cow
./Dataset/FriesianCattle2017/images/000082.jpg,1253,746,364,465,cow
./Dataset/FriesianCattle2017/images/000914.jpg,1322,754,478,483,cow
./Dataset/FriesianCattle2017/images/000900.jpg,1124,766,313,455,cow
./Dataset/FriesianCattle2017/images/000257.jpg,1380,790,511,470,cow
./Dataset/FriesianCattle2017/images/000257.jpg,954,1122,77,838,cow
./Dataset/FriesianCattle2017/images/000531.jpg,1259,742,364,472,cow
./Dataset/FriesianCattle2017/images/000525.jpg,1193,769,399,452,cow
./Dataset/FriesianCattle2017/images/000243.jpg,1320,754,424,477,cow
./Dataset/FriesianCattle2017/images/000243.jpg,926,1076,44,792,cow
./Dataset/FriesianCattle2017/images/000519.jpg,1215,739,333,480,cow
./Dataset/FriesianCattle2017/images/000294.jpg,1241,754,518,480,cow
./Dataset/FriesianCattle2017/images/000280.jpg,1342,764,424,480,cow
./Dataset/FriesianCattle2017/images/000323.jpg,1256,769,465,470,cow
./Dataset/FriesianCattle2017/images/000445.jpg,1210,746,364,475,cow
./Dataset/FriesianCattle2017/images/000451.jpg,1195,771,351,455,cow
./Dataset/FriesianCattle2017/images/000337.jpg,1289,757,510,478,cow
./Dataset/FriesianCattle2017/images/000479.jpg,1264,757,345,493,cow
./Dataset/FriesianCattle2017/images/000486.jpg,1367,766,485,478,cow
./Dataset/FriesianCattle2017/images/000492.jpg,1416,747,277,485,cow
./Dataset/FriesianCattle2017/images/000647.jpg,1334,767,305,470,cow
./Dataset/FriesianCattle2017/images/000121.jpg,1226,807,388,500,cow
./Dataset/FriesianCattle2017/images/000121.jpg,752,1223,9,974,cow
./Dataset/FriesianCattle2017/images/000135.jpg,1185,813,336,483,cow
./Dataset/FriesianCattle2017/images/000135.jpg,1481,358,944,87,cow
./Dataset/FriesianCattle2017/images/000653.jpg,1400,739,477,482,cow
./Dataset/FriesianCattle2017/images/000109.jpg,1408,762,439,496,cow
./Dataset/FriesianCattle2017/images/000109.jpg,662,1220,8,889,cow
./Dataset/FriesianCattle2017/images/000684.jpg,1205,761,412,488,cow
./Dataset/FriesianCattle2017/images/000848.jpg,1476,772,617,457,cow
./Dataset/FriesianCattle2017/images/000848.jpg,926,818,3,424,cow
./Dataset/FriesianCattle2017/images/000848.jpg,809,995,11,716,cow
./Dataset/FriesianCattle2017/images/000690.jpg,1279,776,487,477,cow
./Dataset/FriesianCattle2017/images/000860.jpg,1476,888,931,328,cow
./Dataset/FriesianCattle2017/images/000860.jpg,1200,832,427,321,cow
./Dataset/FriesianCattle2017/images/000860.jpg,914,873,28,516,cow
./Dataset/FriesianCattle2017/images/000874.jpg,1139,752,430,470,cow
./Dataset/FriesianCattle2017/images/000879.jpg,1137,795,305,454,cow
./Dataset/FriesianCattle2017/images/000689.jpg,1286,729,424,454,cow
./Dataset/FriesianCattle2017/images/000851.jpg,1320,906,439,564,cow
./Dataset/FriesianCattle2017/images/000851.jpg,1309,630,384,333,cow
./Dataset/FriesianCattle2017/images/000845.jpg,1263,744,510,470,cow
./Dataset/FriesianCattle2017/images/000845.jpg,771,974,4,708,cow
./Dataset/FriesianCattle2017/images/000676.jpg,1329,787,470,467,cow
./Dataset/FriesianCattle2017/images/000110.jpg,1413,747,425,501,cow
./Dataset/FriesianCattle2017/images/000110.jpg,642,1220,6,884,cow
./Dataset/FriesianCattle2017/images/000104.jpg,1415,756,429,505,cow
./Dataset/FriesianCattle2017/images/000104.jpg,683,1225,1,914,cow
./Dataset/FriesianCattle2017/images/000662.jpg,1304,749,472,488,cow
./Dataset/FriesianCattle2017/images/000892.jpg,1064,742,378,472,cow
./Dataset/FriesianCattle2017/images/000138.jpg,1479,315,941,70,cow
./Dataset/FriesianCattle2017/images/000138.jpg,1197,795,354,490,cow
./Dataset/FriesianCattle2017/images/000886.jpg,1150,800,307,460,cow
./Dataset/FriesianCattle2017/images/000312.jpg,1243,754,247,482,cow
./Dataset/FriesianCattle2017/images/000474.jpg,1310,759,283,468,cow
./Dataset/FriesianCattle2017/images/000474.jpg,1104,1107,138,827,cow
./Dataset/FriesianCattle2017/images/000460.jpg,1304,741,531,475,cow
./Dataset/FriesianCattle2017/images/000306.jpg,1363,756,449,477,cow
./Dataset/FriesianCattle2017/images/000448.jpg,1180,779,348,455,cow
./Dataset/FriesianCattle2017/images/000299.jpg,1329,754,435,475,cow
./Dataset/FriesianCattle2017/images/000266.jpg,1335,771,350,473,cow
./Dataset/FriesianCattle2017/images/000500.jpg,1306,911,531,478,cow
./Dataset/FriesianCattle2017/images/000500.jpg,795,787,8,312,cow
./Dataset/FriesianCattle2017/images/000514.jpg,1251,828,470,468,cow
./Dataset/FriesianCattle2017/images/000272.jpg,1355,759,409,500,cow
./Dataset/FriesianCattle2017/images/000528.jpg,1259,739,421,480,cow
./Dataset/FriesianCattle2017/images/000919.jpg,1256,789,561,480,cow
./Dataset/FriesianCattle2017/images/000925.jpg,1281,860,567,475,cow
./Dataset/FriesianCattle2017/images/000931.jpg,1266,764,206,470,cow
./Dataset/FriesianCattle2017/images/000702.jpg,1210,830,473,463,cow
./Dataset/FriesianCattle2017/images/000064.jpg,1358,734,371,475,cow
./Dataset/FriesianCattle2017/images/000070.jpg,1329,744,376,488,cow
./Dataset/FriesianCattle2017/images/000716.jpg,1273,738,368,503,cow
./Dataset/FriesianCattle2017/images/000716.jpg,1074,1121,222,823,cow
./Dataset/FriesianCattle2017/images/000058.jpg,1352,739,376,475,cow
./Dataset/FriesianCattle2017/images/000059.jpg,1355,739,364,467,cow
./Dataset/FriesianCattle2017/images/000071.jpg,1297,827,569,485,cow
./Dataset/FriesianCattle2017/images/000717.jpg,1264,738,333,495,cow
./Dataset/FriesianCattle2017/images/000717.jpg,1200,1091,353,825,cow
./Dataset/FriesianCattle2017/images/000703.jpg,1226,830,495,459,cow
./Dataset/FriesianCattle2017/images/000065.jpg,1264,767,373,455,cow
./Dataset/FriesianCattle2017/images/000930.jpg,1472,787,477,498,cow
./Dataset/FriesianCattle2017/images/000924.jpg,1287,922,672,475,cow
./Dataset/FriesianCattle2017/images/000918.jpg,1135,777,188,465,cow
./Dataset/FriesianCattle2017/images/000529.jpg,1266,749,414,473,cow
./Dataset/FriesianCattle2017/images/000515.jpg,1251,792,447,452,cow
./Dataset/FriesianCattle2017/images/000273.jpg,1337,741,383,478,cow
./Dataset/FriesianCattle2017/images/000267.jpg,1403,779,425,468,cow
./Dataset/FriesianCattle2017/images/000501.jpg,800,848,4,340,cow
./Dataset/FriesianCattle2017/images/000501.jpg,1330,913,531,495,cow
./Dataset/FriesianCattle2017/images/000298.jpg,1401,797,569,427,cow
./Dataset/FriesianCattle2017/images/000449.jpg,1180,782,354,460,cow
./Dataset/FriesianCattle2017/images/000461.jpg,1297,752,501,490,cow
./Dataset/FriesianCattle2017/images/000307.jpg,1375,749,473,472,cow
./Dataset/FriesianCattle2017/images/000313.jpg,1235,757,249,472,cow
./Dataset/FriesianCattle2017/images/000475.jpg,1355,752,518,465,cow
./Dataset/FriesianCattle2017/images/000139.jpg,1126,744,285,468,cow
./Dataset/FriesianCattle2017/images/000139.jpg,1477,254,804,4,cow
./Dataset/FriesianCattle2017/images/000887.jpg,1137,784,313,452,cow
./Dataset/FriesianCattle2017/images/000893.jpg,1068,752,383,468,cow
./Dataset/FriesianCattle2017/images/000105.jpg,1345,756,379,500,cow
./Dataset/FriesianCattle2017/images/000105.jpg,686,1220,8,944,cow
./Dataset/FriesianCattle2017/images/000663.jpg,1322,746,450,485,cow
./Dataset/FriesianCattle2017/images/000677.jpg,1365,766,478,468,cow
./Dataset/FriesianCattle2017/images/000111.jpg,1449,749,439,450,cow
./Dataset/FriesianCattle2017/images/000111.jpg,792,1168,4,914,cow
./Dataset/FriesianCattle2017/images/000844.jpg,1485,544,698,252,cow
./Dataset/FriesianCattle2017/images/000844.jpg,1276,749,343,477,cow
./Dataset/FriesianCattle2017/images/000844.jpg,1048,1099,171,749,cow
./Dataset/FriesianCattle2017/images/000850.jpg,1406,799,587,363,cow
./Dataset/FriesianCattle2017/images/000850.jpg,1165,931,308,567,cow
./Dataset/FriesianCattle2017/images/000688.jpg,1221,747,442,465,cow
./Dataset/FriesianCattle2017/images/000878.jpg,1183,744,305,457,cow
./Dataset/FriesianCattle2017/images/000846.jpg,1248,898,454,437,cow
./Dataset/FriesianCattle2017/images/000846.jpg,1401,1076,969,399,cow
./Dataset/FriesianCattle2017/images/000846.jpg,842,866,11,574,cow
./Dataset/FriesianCattle2017/images/000852.jpg,1026,1206,118,913,cow
./Dataset/FriesianCattle2017/images/000852.jpg,1393,918,558,490,cow
./Dataset/FriesianCattle2017/images/000852.jpg,1188,764,224,359,cow
./Dataset/FriesianCattle2017/images/000661.jpg,1380,723,435,467,cow
./Dataset/FriesianCattle2017/images/000107.jpg,1248,771,381,501,cow
./Dataset/FriesianCattle2017/images/000107.jpg,680,1226,9,944,cow
./Dataset/FriesianCattle2017/images/000113.jpg,1372,767,394,495,cow
./Dataset/FriesianCattle2017/images/000113.jpg,594,1203,0,858,cow
./Dataset/FriesianCattle2017/images/000675.jpg,1325,884,500,488,cow
./Dataset/FriesianCattle2017/images/000885.jpg,1159,759,191,459,cow
./Dataset/FriesianCattle2017/images/000891.jpg,1073,746,384,465,cow
./Dataset/FriesianCattle2017/images/000649.jpg,1340,766,259,472,cow
./Dataset/FriesianCattle2017/images/000488.jpg,1370,757,392,468,cow
./Dataset/FriesianCattle2017/images/000305.jpg,1365,754,492,487,cow
./Dataset/FriesianCattle2017/images/000463.jpg,1291,776,482,493,cow
./Dataset/FriesianCattle2017/images/000477.jpg,1329,813,472,472,cow
./Dataset/FriesianCattle2017/images/000311.jpg,1264,744,307,477,cow
./Dataset/FriesianCattle2017/images/000339.jpg,1301,744,511,475,cow
./Dataset/FriesianCattle2017/images/000271.jpg,1406,752,493,496,cow
./Dataset/FriesianCattle2017/images/000517.jpg,1058,589,150,315,cow
./Dataset/FriesianCattle2017/images/000517.jpg,1249,832,234,589,cow
./Dataset/FriesianCattle2017/images/000503.jpg,1301,843,539,501,cow
./Dataset/FriesianCattle2017/images/000503.jpg,564,797,6,122,cow
./Dataset/FriesianCattle2017/images/000265.jpg,1443,777,439,477,cow
./Dataset/FriesianCattle2017/images/000259.jpg,1168,878,455,477,cow
./Dataset/FriesianCattle2017/images/000259.jpg,952,1018,140,733,cow
./Dataset/FriesianCattle2017/images/000932.jpg,1294,738,566,478,cow
./Dataset/FriesianCattle2017/images/000098.jpg,1243,754,419,463,cow
./Dataset/FriesianCattle2017/images/000098.jpg,751,1225,3,937,cow
./Dataset/FriesianCattle2017/images/000926.jpg,1306,742,483,450,cow
./Dataset/FriesianCattle2017/images/000715.jpg,1056,1150,186,833,cow
./Dataset/FriesianCattle2017/images/000715.jpg,1276,729,384,490,cow
./Dataset/FriesianCattle2017/images/000073.jpg,1286,805,455,470,cow
./Dataset/FriesianCattle2017/images/000073.jpg,551,538,0,1,cow
./Dataset/FriesianCattle2017/images/000067.jpg,1263,761,379,454,cow
./Dataset/FriesianCattle2017/images/000701.jpg,1253,828,493,473,cow
./Dataset/FriesianCattle2017/images/000729.jpg,1317,818,538,487,cow
./Dataset/FriesianCattle2017/images/000728.jpg,1266,742,274,478,cow
./Dataset/FriesianCattle2017/images/000066.jpg,1268,754,376,457,cow
./Dataset/FriesianCattle2017/images/000700.jpg,1269,830,485,467,cow
./Dataset/FriesianCattle2017/images/000714.jpg,1401,719,563,447,cow
./Dataset/FriesianCattle2017/images/000714.jpg,875,1223,72,840,cow
./Dataset/FriesianCattle2017/images/000072.jpg,1332,848,510,465,cow
./Dataset/FriesianCattle2017/images/000099.jpg,1248,749,425,437,cow
./Dataset/FriesianCattle2017/images/000099.jpg,794,1218,9,952,cow
./Dataset/FriesianCattle2017/images/000927.jpg,1484,761,503,475,cow
./Dataset/FriesianCattle2017/images/000933.jpg,1352,756,477,473,cow
./Dataset/FriesianCattle2017/images/000258.jpg,1325,774,463,482,cow
./Dataset/FriesianCattle2017/images/000258.jpg,1041,1139,188,790,cow
./Dataset/FriesianCattle2017/images/000502.jpg,1339,891,538,485,cow
./Dataset/FriesianCattle2017/images/000502.jpg,607,830,4,184,cow
./Dataset/FriesianCattle2017/images/000264.jpg,1476,776,452,459,cow
./Dataset/FriesianCattle2017/images/000270.jpg,1373,744,480,496,cow
./Dataset/FriesianCattle2017/images/000516.jpg,1261,746,310,470,cow
./Dataset/FriesianCattle2017/images/000516.jpg,903,473,8,183,cow
./Dataset/FriesianCattle2017/images/000338.jpg,1268,751,493,487,cow
./Dataset/FriesianCattle2017/images/000476.jpg,1360,855,511,505,cow
./Dataset/FriesianCattle2017/images/000310.jpg,1258,734,331,457,cow
./Dataset/FriesianCattle2017/images/000304.jpg,1317,751,328,454,cow
./Dataset/FriesianCattle2017/images/000462.jpg,1289,756,493,495,cow
./Dataset/FriesianCattle2017/images/000489.jpg,1286,774,302,462,cow
./Dataset/FriesianCattle2017/images/000648.jpg,1337,772,295,470,cow
./Dataset/FriesianCattle2017/images/000890.jpg,1066,746,368,467,cow
./Dataset/FriesianCattle2017/images/000884.jpg,1142,794,310,457,cow
./Dataset/FriesianCattle2017/images/000112.jpg,1400,762,409,490,cow
./Dataset/FriesianCattle2017/images/000112.jpg,762,1155,3,906,cow
./Dataset/FriesianCattle2017/images/000674.jpg,1170,769,231,457,cow
./Dataset/FriesianCattle2017/images/000660.jpg,1363,741,472,495,cow
./Dataset/FriesianCattle2017/images/000106.jpg,1223,794,373,495,cow
./Dataset/FriesianCattle2017/images/000106.jpg,716,1218,1,975,cow
./Dataset/FriesianCattle2017/images/000853.jpg,1334,809,483,401,cow
./Dataset/FriesianCattle2017/images/000853.jpg,1173,492,171,29,cow
./Dataset/FriesianCattle2017/images/000853.jpg,809,934,8,358,cow
./Dataset/FriesianCattle2017/images/000847.jpg,1413,989,828,427,cow
./Dataset/FriesianCattle2017/images/000847.jpg,1244,893,406,480,cow
./Dataset/FriesianCattle2017/images/000847.jpg,746,969,13,716,cow
./Dataset/FriesianCattle2017/images/000843.jpg,1456,531,693,254,cow
./Dataset/FriesianCattle2017/images/000843.jpg,1271,759,350,473,cow
./Dataset/FriesianCattle2017/images/000843.jpg,1099,1104,160,754,cow
./Dataset/FriesianCattle2017/images/000857.jpg,1461,870,596,599,cow
./Dataset/FriesianCattle2017/images/000857.jpg,1243,678,247,412,cow
./Dataset/FriesianCattle2017/images/000880.jpg,1139,789,302,455,cow
./Dataset/FriesianCattle2017/images/000658.jpg,1433,746,498,485,cow
./Dataset/FriesianCattle2017/images/000894.jpg,1073,756,381,463,cow
./Dataset/FriesianCattle2017/images/000102.jpg,1294,759,399,500,cow
./Dataset/FriesianCattle2017/images/000102.jpg,695,1221,11,929,cow
./Dataset/FriesianCattle2017/images/000664.jpg,1357,723,510,460,cow
./Dataset/FriesianCattle2017/images/000670.jpg,1263,708,381,449,cow
./Dataset/FriesianCattle2017/images/000670.jpg,876,987,72,690,cow
./Dataset/FriesianCattle2017/images/000116.jpg,1218,817,378,487,cow
./Dataset/FriesianCattle2017/images/000116.jpg,903,1221,4,975,cow
./Dataset/FriesianCattle2017/images/000499.jpg,1304,919,539,495,cow
./Dataset/FriesianCattle2017/images/000499.jpg,903,818,8,208,cow
./Dataset/FriesianCattle2017/images/000328.jpg,1279,820,511,439,cow
./Dataset/FriesianCattle2017/images/000466.jpg,1477,731,979,214,cow
./Dataset/FriesianCattle2017/images/000466.jpg,1309,746,480,500,cow
./Dataset/FriesianCattle2017/images/000300.jpg,1312,767,345,482,cow
./Dataset/FriesianCattle2017/images/000314.jpg,1225,759,267,447,cow
./Dataset/FriesianCattle2017/images/000472.jpg,1390,771,482,480,cow
./Dataset/FriesianCattle2017/images/000472.jpg,1089,1226,199,787,cow
./Dataset/FriesianCattle2017/images/000248.jpg,1315,759,444,473,cow
./Dataset/FriesianCattle2017/images/000248.jpg,884,1165,62,817,cow
./Dataset/FriesianCattle2017/images/000512.jpg,1281,754,343,482,cow
./Dataset/FriesianCattle2017/images/000274.jpg,1410,747,454,493,cow
./Dataset/FriesianCattle2017/images/000260.jpg,1173,939,531,505,cow
./Dataset/FriesianCattle2017/images/000260.jpg,1069,1083,246,782,cow
./Dataset/FriesianCattle2017/images/000506.jpg,1314,774,454,470,cow
./Dataset/FriesianCattle2017/images/000089.jpg,1327,756,488,477,cow
./Dataset/FriesianCattle2017/images/000937.jpg,1433,718,604,434,cow
./Dataset/FriesianCattle2017/images/000923.jpg,1277,747,475,468,cow
./Dataset/FriesianCattle2017/images/000738.jpg,1134,787,369,455,cow
./Dataset/FriesianCattle2017/images/000076.jpg,1325,754,485,477,cow
./Dataset/FriesianCattle2017/images/000710.jpg,1479,442,691,158,cow
./Dataset/FriesianCattle2017/images/000710.jpg,1307,734,444,477,cow
./Dataset/FriesianCattle2017/images/000704.jpg,1197,769,416,444,cow
./Dataset/FriesianCattle2017/images/000062.jpg,1355,751,369,488,cow
./Dataset/FriesianCattle2017/images/000705.jpg,1277,776,447,468,cow
./Dataset/FriesianCattle2017/images/000063.jpg,1360,738,381,470,cow
./Dataset/FriesianCattle2017/images/000077.jpg,1330,756,472,475,cow
./Dataset/FriesianCattle2017/images/000711.jpg,1381,388,439,151,cow
./Dataset/FriesianCattle2017/images/000711.jpg,1310,741,444,475,cow
./Dataset/FriesianCattle2017/images/000739.jpg,1135,797,364,460,cow
./Dataset/FriesianCattle2017/images/000922.jpg,1235,751,237,477,cow
./Dataset/FriesianCattle2017/images/000922.jpg,1121,1078,226,782,cow
./Dataset/FriesianCattle2017/images/000088.jpg,1327,756,482,472,cow
./Dataset/FriesianCattle2017/images/000936.jpg,1279,757,303,492,cow
./Dataset/FriesianCattle2017/images/000261.jpg,1383,782,440,470,cow
./Dataset/FriesianCattle2017/images/000261.jpg,870,1102,0,741,cow
./Dataset/FriesianCattle2017/images/000507.jpg,1266,736,307,467,cow
./Dataset/FriesianCattle2017/images/000513.jpg,1185,757,221,488,cow
./Dataset/FriesianCattle2017/images/000275.jpg,1259,738,285,475,cow
./Dataset/FriesianCattle2017/images/000249.jpg,1481,459,908,158,cow
./Dataset/FriesianCattle2017/images/000249.jpg,875,1140,28,817,cow
./Dataset/FriesianCattle2017/images/000249.jpg,1307,756,429,467,cow
./Dataset/FriesianCattle2017/images/000315.jpg,1218,756,270,463,cow
./Dataset/FriesianCattle2017/images/000473.jpg,1357,759,425,495,cow
./Dataset/FriesianCattle2017/images/000473.jpg,1149,1144,236,818,cow
./Dataset/FriesianCattle2017/images/000467.jpg,1301,1068,866,434,cow
./Dataset/FriesianCattle2017/images/000467.jpg,1030,899,345,482,cow
./Dataset/FriesianCattle2017/images/000467.jpg,691,1046,3,779,cow
./Dataset/FriesianCattle2017/images/000301.jpg,1324,756,255,457,cow
./Dataset/FriesianCattle2017/images/000329.jpg,1271,848,513,457,cow
./Dataset/FriesianCattle2017/images/000498.jpg,1277,787,353,346,cow
./Dataset/FriesianCattle2017/images/000498.jpg,1479,1205,1020,762,cow
./Dataset/FriesianCattle2017/images/000671.jpg,1274,731,340,468,cow
./Dataset/FriesianCattle2017/images/000117.jpg,1150,795,430,472,cow
./Dataset/FriesianCattle2017/images/000117.jpg,761,1220,1,931,cow
./Dataset/FriesianCattle2017/images/000103.jpg,1386,752,416,505,cow
./Dataset/FriesianCattle2017/images/000103.jpg,647,1223,6,896,cow
./Dataset/FriesianCattle2017/images/000665.jpg,1314,751,495,470,cow
./Dataset/FriesianCattle2017/images/000895.jpg,1066,752,383,468,cow
./Dataset/FriesianCattle2017/images/000659.jpg,1449,708,554,460,cow
./Dataset/FriesianCattle2017/images/000881.jpg,1140,785,295,452,cow
./Dataset/FriesianCattle2017/images/000856.jpg,1477,827,634,534,cow
./Dataset/FriesianCattle2017/images/000856.jpg,1124,729,118,412,cow
./Dataset/FriesianCattle2017/images/000842.jpg,1456,539,690,262,cow
./Dataset/FriesianCattle2017/images/000842.jpg,1249,757,346,454,cow
./Dataset/FriesianCattle2017/images/000842.jpg,1089,1102,153,736,cow
./Dataset/FriesianCattle2017/images/000854.jpg,1347,709,402,404,cow
./Dataset/FriesianCattle2017/images/000854.jpg,842,911,9,348,cow
./Dataset/FriesianCattle2017/images/000698.jpg,1256,832,475,454,cow
./Dataset/FriesianCattle2017/images/000840.jpg,1448,706,630,336,cow
./Dataset/FriesianCattle2017/images/000840.jpg,1167,825,274,515,cow
./Dataset/FriesianCattle2017/images/000840.jpg,840,1051,8,780,cow
./Dataset/FriesianCattle2017/images/000868.jpg,1454,800,622,482,cow
./Dataset/FriesianCattle2017/images/000129.jpg,1269,779,389,437,cow
./Dataset/FriesianCattle2017/images/000129.jpg,645,1225,8,911,cow
./Dataset/FriesianCattle2017/images/000897.jpg,1061,767,335,440,cow
./Dataset/FriesianCattle2017/images/000883.jpg,1139,785,302,452,cow
./Dataset/FriesianCattle2017/images/000115.jpg,1479,1069,738,830,cow
./Dataset/FriesianCattle2017/images/000115.jpg,1206,742,287,485,cow
./Dataset/FriesianCattle2017/images/000673.jpg,1266,751,265,467,cow
./Dataset/FriesianCattle2017/images/000667.jpg,1363,718,510,407,cow
./Dataset/FriesianCattle2017/images/000667.jpg,1046,825,39,492,cow
./Dataset/FriesianCattle2017/images/000101.jpg,1291,749,402,506,cow
./Dataset/FriesianCattle2017/images/000101.jpg,703,1223,9,936,cow
./Dataset/FriesianCattle2017/images/000459.jpg,1266,812,510,493,cow
./Dataset/FriesianCattle2017/images/000471.jpg,1441,761,515,487,cow
./Dataset/FriesianCattle2017/images/000471.jpg,1069,1215,198,769,cow
./Dataset/FriesianCattle2017/images/000317.jpg,1211,747,265,473,cow
./Dataset/FriesianCattle2017/images/000303.jpg,1289,756,340,473,cow
./Dataset/FriesianCattle2017/images/000465.jpg,1315,746,482,505,cow
./Dataset/FriesianCattle2017/images/000465.jpg,1474,655,1013,247,cow
./Dataset/FriesianCattle2017/images/000288.jpg,1152,825,214,460,cow
./Dataset/FriesianCattle2017/images/000539.jpg,1373,526,506,104,cow
./Dataset/FriesianCattle2017/images/000539.jpg,1175,771,363,457,cow
./Dataset/FriesianCattle2017/images/000505.jpg,1367,744,391,480,cow
./Dataset/FriesianCattle2017/images/000263.jpg,1471,772,434,467,cow
./Dataset/FriesianCattle2017/images/000277.jpg,1386,756,525,472,cow
./Dataset/FriesianCattle2017/images/000511.jpg,1256,729,391,455,cow
./Dataset/FriesianCattle2017/images/000920.jpg,1241,744,419,473,cow
./Dataset/FriesianCattle2017/images/000934.jpg,1304,749,421,475,cow
./Dataset/FriesianCattle2017/images/000908.jpg,1137,756,303,455,cow
./Dataset/FriesianCattle2017/images/000049.jpg,1362,742,439,389,cow
./Dataset/FriesianCattle2017/images/000061.jpg,1353,746,371,472,cow
./Dataset/FriesianCattle2017/images/000707.jpg,1277,723,425,459,cow
./Dataset/FriesianCattle2017/images/000713.jpg,1335,747,561,477,cow
./Dataset/FriesianCattle2017/images/000075.jpg,1386,734,407,477,cow
./Dataset/FriesianCattle2017/images/000075.jpg,1441,430,569,4,cow
./Dataset/FriesianCattle2017/images/000712.jpg,1225,397,247,85,cow
./Dataset/FriesianCattle2017/images/000712.jpg,1228,741,348,463,cow
./Dataset/FriesianCattle2017/images/000074.jpg,1383,776,485,500,cow
./Dataset/FriesianCattle2017/images/000074.jpg,932,440,175,1,cow
./Dataset/FriesianCattle2017/images/000060.jpg,1365,723,369,459,cow
./Dataset/FriesianCattle2017/images/000706.jpg,1273,716,437,454,cow
./Dataset/FriesianCattle2017/images/000048.jpg,1367,746,427,465,cow
./Dataset/FriesianCattle2017/images/000909.jpg,1165,752,308,455,cow
./Dataset/FriesianCattle2017/images/000935.jpg,1410,734,508,455,cow
./Dataset/FriesianCattle2017/images/000921.jpg,1208,736,310,470,cow
./Dataset/FriesianCattle2017/images/000921.jpg,936,1038,82,749,cow
./Dataset/FriesianCattle2017/images/000276.jpg,1182,741,204,483,cow
./Dataset/FriesianCattle2017/images/000510.jpg,1302,779,452,492,cow
./Dataset/FriesianCattle2017/images/000504.jpg,1314,754,516,498,cow
./Dataset/FriesianCattle2017/images/000504.jpg,556,817,3,113,cow
./Dataset/FriesianCattle2017/images/000262.jpg,1476,776,449,452,cow
./Dataset/FriesianCattle2017/images/000262.jpg,785,1079,6,738,cow
./Dataset/FriesianCattle2017/images/000538.jpg,1373,525,515,95,cow
./Dataset/FriesianCattle2017/images/000538.jpg,1172,766,351,463,cow
./Dataset/FriesianCattle2017/images/000289.jpg,1119,850,224,457,cow
./Dataset/FriesianCattle2017/images/000302.jpg,1284,744,241,449,cow
./Dataset/FriesianCattle2017/images/000464.jpg,1302,756,492,492,cow
./Dataset/FriesianCattle2017/images/000470.jpg,1228,736,384,482,cow
./Dataset/FriesianCattle2017/images/000470.jpg,1484,784,1132,310,cow
./Dataset/FriesianCattle2017/images/000470.jpg,1089,1010,312,630,cow
./Dataset/FriesianCattle2017/images/000316.jpg,1249,759,262,475,cow
./Dataset/FriesianCattle2017/images/000458.jpg,1469,396,462,112,cow
./Dataset/FriesianCattle2017/images/000458.jpg,1292,752,312,467,cow
./Dataset/FriesianCattle2017/images/000666.jpg,1294,744,435,482,cow
./Dataset/FriesianCattle2017/images/000666.jpg,954,1083,3,734,cow
./Dataset/FriesianCattle2017/images/000100.jpg,1281,746,430,485,cow
./Dataset/FriesianCattle2017/images/000100.jpg,741,1221,8,918,cow
./Dataset/FriesianCattle2017/images/000114.jpg,1355,757,363,492,cow
./Dataset/FriesianCattle2017/images/000114.jpg,640,1213,1,855,cow
./Dataset/FriesianCattle2017/images/000672.jpg,1266,739,290,478,cow
./Dataset/FriesianCattle2017/images/000882.jpg,1144,790,310,457,cow
./Dataset/FriesianCattle2017/images/000128.jpg,1368,772,394,445,cow
./Dataset/FriesianCattle2017/images/000128.jpg,665,1225,4,918,cow
./Dataset/FriesianCattle2017/images/000896.jpg,1046,780,340,449,cow
./Dataset/FriesianCattle2017/images/000869.jpg,1307,756,411,493,cow
./Dataset/FriesianCattle2017/images/000841.jpg,1400,711,627,320,cow
./Dataset/FriesianCattle2017/images/000841.jpg,1127,853,242,500,cow
./Dataset/FriesianCattle2017/images/000841.jpg,919,1069,1,784,cow
./Dataset/FriesianCattle2017/images/000699.jpg,1253,832,482,457,cow
./Dataset/FriesianCattle2017/images/000855.jpg,1482,777,840,505,cow
./Dataset/FriesianCattle2017/images/000855.jpg,1112,696,137,399,cow
./Dataset/FriesianCattle2017/images/000832.jpg,1355,749,488,473,cow
./Dataset/FriesianCattle2017/images/000826.jpg,1190,776,186,396,cow
./Dataset/FriesianCattle2017/images/000826.jpg,952,1203,178,762,cow
./Dataset/FriesianCattle2017/images/000198.jpg,1195,792,374,482,cow
./Dataset/FriesianCattle2017/images/000198.jpg,747,1220,6,780,cow
./Dataset/FriesianCattle2017/images/000173.jpg,1477,338,906,75,cow
./Dataset/FriesianCattle2017/images/000173.jpg,1180,833,341,493,cow
./Dataset/FriesianCattle2017/images/000615.jpg,1360,747,530,487,cow
./Dataset/FriesianCattle2017/images/000601.jpg,1281,769,193,473,cow
./Dataset/FriesianCattle2017/images/000167.jpg,1482,297,896,52,cow
./Dataset/FriesianCattle2017/images/000167.jpg,1182,837,346,492,cow
./Dataset/FriesianCattle2017/images/000629.jpg,1325,754,462,467,cow
./Dataset/FriesianCattle2017/images/000417.jpg,1277,767,346,470,cow
./Dataset/FriesianCattle2017/images/000371.jpg,1261,744,394,475,cow
./Dataset/FriesianCattle2017/images/000365.jpg,1383,747,488,463,cow
./Dataset/FriesianCattle2017/images/000403.jpg,1312,757,298,478,cow
./Dataset/FriesianCattle2017/images/000359.jpg,1418,754,424,501,cow
./Dataset/FriesianCattle2017/images/000588.jpg,1221,810,442,487,cow
./Dataset/FriesianCattle2017/images/000588.jpg,1089,1200,87,904,cow
./Dataset/FriesianCattle2017/images/000563.jpg,1101,1173,244,813,cow
./Dataset/FriesianCattle2017/images/000563.jpg,1213,789,320,483,cow
./Dataset/FriesianCattle2017/images/000205.jpg,1289,756,374,490,cow
./Dataset/FriesianCattle2017/images/000211.jpg,1269,751,356,492,cow
./Dataset/FriesianCattle2017/images/000211.jpg,1466,1005,913,733,cow
./Dataset/FriesianCattle2017/images/000577.jpg,1327,757,293,462,cow
./Dataset/FriesianCattle2017/images/000577.jpg,1012,1093,140,823,cow
./Dataset/FriesianCattle2017/images/000239.jpg,1344,757,429,477,cow
./Dataset/FriesianCattle2017/images/000239.jpg,1010,1168,102,822,cow
./Dataset/FriesianCattle2017/images/000007.jpg,1241,752,293,470,cow
./Dataset/FriesianCattle2017/images/000761.jpg,1481,906,548,567,cow
./Dataset/FriesianCattle2017/images/000761.jpg,1291,706,272,290,cow
./Dataset/FriesianCattle2017/images/000775.jpg,1403,757,528,483,cow
./Dataset/FriesianCattle2017/images/000013.jpg,1324,386,366,117,cow
./Dataset/FriesianCattle2017/images/000013.jpg,1287,757,406,467,cow
./Dataset/FriesianCattle2017/images/000749.jpg,1477,1213,883,726,cow
./Dataset/FriesianCattle2017/images/000749.jpg,1403,754,374,493,cow
./Dataset/FriesianCattle2017/images/000749.jpg,670,1225,4,903,cow
./Dataset/FriesianCattle2017/images/000748.jpg,1406,751,381,490,cow
./Dataset/FriesianCattle2017/images/000748.jpg,706,1149,4,838,cow
./Dataset/FriesianCattle2017/images/000774.jpg,1380,805,515,483,cow
./Dataset/FriesianCattle2017/images/000012.jpg,1479,376,592,46,cow
./Dataset/FriesianCattle2017/images/000012.jpg,1296,751,391,463,cow
./Dataset/FriesianCattle2017/images/000006.jpg,1210,757,288,470,cow
./Dataset/FriesianCattle2017/images/000760.jpg,1476,899,581,567,cow
./Dataset/FriesianCattle2017/images/000760.jpg,1268,726,249,283,cow
./Dataset/FriesianCattle2017/images/000238.jpg,1284,767,369,485,cow
./Dataset/FriesianCattle2017/images/000238.jpg,934,1149,26,813,cow
./Dataset/FriesianCattle2017/images/000210.jpg,1263,751,353,493,cow
./Dataset/FriesianCattle2017/images/000576.jpg,1322,742,310,480,cow
./Dataset/FriesianCattle2017/images/000576.jpg,934,1145,173,818,cow
./Dataset/FriesianCattle2017/images/000562.jpg,1259,754,340,480,cow
./Dataset/FriesianCattle2017/images/000562.jpg,1073,1168,246,822,cow
./Dataset/FriesianCattle2017/images/000204.jpg,1268,751,345,495,cow
./Dataset/FriesianCattle2017/images/000589.jpg,1268,780,430,478,cow
./Dataset/FriesianCattle2017/images/000589.jpg,1132,1221,155,903,cow
./Dataset/FriesianCattle2017/images/000358.jpg,1481,724,553,468,cow
./Dataset/FriesianCattle2017/images/000364.jpg,1448,777,622,452,cow
./Dataset/FriesianCattle2017/images/000402.jpg,1301,764,280,478,cow
./Dataset/FriesianCattle2017/images/000416.jpg,1279,759,346,468,cow
./Dataset/FriesianCattle2017/images/000370.jpg,1218,744,435,473,cow
./Dataset/FriesianCattle2017/images/000628.jpg,1322,703,525,419,cow
./Dataset/FriesianCattle2017/images/000600.jpg,1296,766,275,462,cow
./Dataset/FriesianCattle2017/images/000166.jpg,1484,244,747,3,cow
./Dataset/FriesianCattle2017/images/000166.jpg,1122,766,277,470,cow
./Dataset/FriesianCattle2017/images/000172.jpg,1477,318,884,74,cow
./Dataset/FriesianCattle2017/images/000172.jpg,1180,833,341,490,cow
./Dataset/FriesianCattle2017/images/000614.jpg,1350,795,520,487,cow
./Dataset/FriesianCattle2017/images/000827.jpg,1170,766,156,358,cow
./Dataset/FriesianCattle2017/images/000827.jpg,985,1112,209,733,cow
./Dataset/FriesianCattle2017/images/000827.jpg,1466,1081,955,503,cow
./Dataset/FriesianCattle2017/images/000199.jpg,1202,794,369,490,cow
./Dataset/FriesianCattle2017/images/000199.jpg,734,1223,3,820,cow
./Dataset/FriesianCattle2017/images/000833.jpg,1192,733,373,232,cow
./Dataset/FriesianCattle2017/images/000833.jpg,1325,792,729,333,cow
./Dataset/FriesianCattle2017/images/000819.jpg,1294,756,566,427,cow
./Dataset/FriesianCattle2017/images/000825.jpg,1474,782,455,496,cow
./Dataset/FriesianCattle2017/images/000825.jpg,993,1140,188,807,cow
./Dataset/FriesianCattle2017/images/000831.jpg,1320,751,470,452,cow
./Dataset/FriesianCattle2017/images/000164.jpg,1472,290,891,42,cow
./Dataset/FriesianCattle2017/images/000164.jpg,1183,830,343,490,cow
./Dataset/FriesianCattle2017/images/000602.jpg,1249,761,160,478,cow
./Dataset/FriesianCattle2017/images/000616.jpg,1367,733,521,488,cow
./Dataset/FriesianCattle2017/images/000170.jpg,1482,315,894,62,cow
./Dataset/FriesianCattle2017/images/000170.jpg,1187,840,351,492,cow
./Dataset/FriesianCattle2017/images/000158.jpg,1479,597,927,130,cow
./Dataset/FriesianCattle2017/images/000158.jpg,1056,787,331,404,cow
./Dataset/FriesianCattle2017/images/000399.jpg,1413,724,594,444,cow
./Dataset/FriesianCattle2017/images/000400.jpg,1301,744,457,475,cow
./Dataset/FriesianCattle2017/images/000366.jpg,1352,774,427,467,cow
./Dataset/FriesianCattle2017/images/000372.jpg,1241,752,364,470,cow
./Dataset/FriesianCattle2017/images/000414.jpg,1277,764,350,463,cow
./Dataset/FriesianCattle2017/images/000428.jpg,1307,774,287,468,cow
./Dataset/FriesianCattle2017/images/000574.jpg,1013,1140,203,838,cow
./Dataset/FriesianCattle2017/images/000574.jpg,1241,749,302,496,cow
./Dataset/FriesianCattle2017/images/000212.jpg,1476,1071,800,799,cow
./Dataset/FriesianCattle2017/images/000212.jpg,1276,757,361,503,cow
./Dataset/FriesianCattle2017/images/000206.jpg,1279,747,351,495,cow
./Dataset/FriesianCattle2017/images/000560.jpg,1322,757,437,487,cow
./Dataset/FriesianCattle2017/images/000560.jpg,1030,1225,203,842,cow
./Dataset/FriesianCattle2017/images/000548.jpg,1477,373,498,110,cow
./Dataset/FriesianCattle2017/images/000548.jpg,1142,779,358,455,cow
./Dataset/FriesianCattle2017/images/000789.jpg,1479,736,564,445,cow
./Dataset/FriesianCattle2017/images/000010.jpg,1225,759,269,482,cow
./Dataset/FriesianCattle2017/images/000776.jpg,1395,752,543,482,cow
./Dataset/FriesianCattle2017/images/000762.jpg,1334,769,430,462,cow
./Dataset/FriesianCattle2017/images/000762.jpg,1405,449,392,158,cow
./Dataset/FriesianCattle2017/images/000004.jpg,1183,772,277,472,cow
./Dataset/FriesianCattle2017/images/000038.jpg,1208,736,483,488,cow
./Dataset/FriesianCattle2017/images/000039.jpg,1218,729,470,493,cow
./Dataset/FriesianCattle2017/images/000763.jpg,1459,650,472,359,cow
./Dataset/FriesianCattle2017/images/000763.jpg,1380,934,449,640,cow
./Dataset/FriesianCattle2017/images/000005.jpg,1190,764,279,468,cow
./Dataset/FriesianCattle2017/images/000011.jpg,1228,757,321,449,cow
./Dataset/FriesianCattle2017/images/000011.jpg,1481,444,711,85,cow
./Dataset/FriesianCattle2017/images/000777.jpg,1410,752,528,477,cow
./Dataset/FriesianCattle2017/images/000788.jpg,1367,761,439,463,cow
./Dataset/FriesianCattle2017/images/000549.jpg,1124,779,358,457,cow
./Dataset/FriesianCattle2017/images/000549.jpg,1482,373,501,108,cow
./Dataset/FriesianCattle2017/images/000207.jpg,1269,754,351,495,cow
./Dataset/FriesianCattle2017/images/000561.jpg,1312,764,442,487,cow
./Dataset/FriesianCattle2017/images/000561.jpg,1071,1149,216,825,cow
./Dataset/FriesianCattle2017/images/000575.jpg,962,1142,175,830,cow
./Dataset/FriesianCattle2017/images/000575.jpg,1289,741,305,492,cow
./Dataset/FriesianCattle2017/images/000213.jpg,1474,1064,645,784,cow
./Dataset/FriesianCattle2017/images/000213.jpg,1254,754,374,493,cow
./Dataset/FriesianCattle2017/images/000429.jpg,1291,774,287,455,cow
./Dataset/FriesianCattle2017/images/000373.jpg,1263,752,318,472,cow
./Dataset/FriesianCattle2017/images/000415.jpg,1276,764,336,467,cow
./Dataset/FriesianCattle2017/images/000401.jpg,1317,757,293,473,cow
./Dataset/FriesianCattle2017/images/000367.jpg,1380,736,417,472,cow
./Dataset/FriesianCattle2017/images/000398.jpg,1246,734,246,463,cow
./Dataset/FriesianCattle2017/images/000159.jpg,1429,698,617,470,cow
./Dataset/FriesianCattle2017/images/000159.jpg,1104,364,179,104,cow
./Dataset/FriesianCattle2017/images/000617.jpg,1385,759,505,482,cow
./Dataset/FriesianCattle2017/images/000171.jpg,1164,855,341,490,cow
./Dataset/FriesianCattle2017/images/000171.jpg,1479,346,911,80,cow
./Dataset/FriesianCattle2017/images/000165.jpg,1484,280,888,52,cow
./Dataset/FriesianCattle2017/images/000165.jpg,1177,832,350,492,cow
./Dataset/FriesianCattle2017/images/000603.jpg,1348,726,463,460,cow
./Dataset/FriesianCattle2017/images/000830.jpg,1119,820,447,482,cow
./Dataset/FriesianCattle2017/images/000824.jpg,1433,764,449,472,cow
./Dataset/FriesianCattle2017/images/000824.jpg,955,1225,176,799,cow
./Dataset/FriesianCattle2017/images/000818.jpg,1310,754,581,419,cow
./Dataset/FriesianCattle2017/images/000820.jpg,1268,754,546,429,cow
./Dataset/FriesianCattle2017/images/000834.jpg,1203,746,440,516,cow
./Dataset/FriesianCattle2017/images/000834.jpg,1025,1026,128,747,cow
./Dataset/FriesianCattle2017/images/000808.jpg,1244,813,450,478,cow
./Dataset/FriesianCattle2017/images/000149.jpg,1477,318,802,26,cow
./Dataset/FriesianCattle2017/images/000149.jpg,1198,766,345,490,cow
./Dataset/FriesianCattle2017/images/000607.jpg,1140,749,212,452,cow
./Dataset/FriesianCattle2017/images/000161.jpg,1474,283,802,24,cow
./Dataset/FriesianCattle2017/images/000161.jpg,1291,739,363,503,cow
./Dataset/FriesianCattle2017/images/000175.jpg,1474,343,919,87,cow
./Dataset/FriesianCattle2017/images/000175.jpg,1167,865,338,485,cow
./Dataset/FriesianCattle2017/images/000613.jpg,1327,880,521,485,cow
./Dataset/FriesianCattle2017/images/000388.jpg,1256,908,434,473,cow
./Dataset/FriesianCattle2017/images/000439.jpg,1221,779,320,467,cow
./Dataset/FriesianCattle2017/images/000363.jpg,1373,851,610,492,cow
./Dataset/FriesianCattle2017/images/000405.jpg,1292,792,323,384,cow
./Dataset/FriesianCattle2017/images/000411.jpg,1391,774,414,437,cow
./Dataset/FriesianCattle2017/images/000377.jpg,1292,762,297,445,cow
./Dataset/FriesianCattle2017/images/000559.jpg,1307,761,460,500,cow
./Dataset/FriesianCattle2017/images/000559.jpg,838,1220,19,845,cow
./Dataset/FriesianCattle2017/images/000217.jpg,1248,739,340,477,cow
./Dataset/FriesianCattle2017/images/000571.jpg,1061,1162,236,817,cow
./Dataset/FriesianCattle2017/images/000571.jpg,1228,782,321,482,cow
./Dataset/FriesianCattle2017/images/000565.jpg,1088,1173,252,823,cow
./Dataset/FriesianCattle2017/images/000565.jpg,1203,782,318,477,cow
./Dataset/FriesianCattle2017/images/000203.jpg,1284,751,359,493,cow
./Dataset/FriesianCattle2017/images/000940.jpg,1396,742,462,470,cow
./Dataset/FriesianCattle2017/images/000798.jpg,1170,771,392,452,cow
./Dataset/FriesianCattle2017/images/000029.jpg,1197,762,267,457,cow
./Dataset/FriesianCattle2017/images/000773.jpg,1353,876,536,496,cow
./Dataset/FriesianCattle2017/images/000015.jpg,1264,749,265,478,cow
./Dataset/FriesianCattle2017/images/000001.jpg,1258,761,282,472,cow
./Dataset/FriesianCattle2017/images/000767.jpg,1244,761,435,465,cow
./Dataset/FriesianCattle2017/images/000766.jpg,1301,805,518,488,cow
./Dataset/FriesianCattle2017/images/000772.jpg,1076,756,231,457,cow
./Dataset/FriesianCattle2017/images/000014.jpg,1142,419,135,102,cow
./Dataset/FriesianCattle2017/images/000014.jpg,1282,761,392,467,cow
./Dataset/FriesianCattle2017/images/000028.jpg,1271,742,272,472,cow
./Dataset/FriesianCattle2017/images/000799.jpg,1213,851,460,468,cow
./Dataset/FriesianCattle2017/images/000564.jpg,1211,787,313,480,cow
./Dataset/FriesianCattle2017/images/000564.jpg,1096,1167,246,820,cow
./Dataset/FriesianCattle2017/images/000202.jpg,1274,752,354,490,cow
./Dataset/FriesianCattle2017/images/000216.jpg,1358,746,455,475,cow
./Dataset/FriesianCattle2017/images/000570.jpg,1216,780,312,485,cow
./Dataset/FriesianCattle2017/images/000570.jpg,1071,1165,257,812,cow
./Dataset/FriesianCattle2017/images/000558.jpg,1436,822,584,463,cow
./Dataset/FriesianCattle2017/images/000558.jpg,767,1223,6,825,cow
./Dataset/FriesianCattle2017/images/000410.jpg,1243,779,323,406,cow
./Dataset/FriesianCattle2017/images/000376.jpg,1322,766,335,442,cow
./Dataset/FriesianCattle2017/images/000362.jpg,1239,776,249,482,cow
./Dataset/FriesianCattle2017/images/000404.jpg,1322,795,320,427,cow
./Dataset/FriesianCattle2017/images/000438.jpg,1084,804,353,452,cow
./Dataset/FriesianCattle2017/images/000389.jpg,1400,767,439,472,cow
./Dataset/FriesianCattle2017/images/000174.jpg,1481,341,913,85,cow
./Dataset/FriesianCattle2017/images/000174.jpg,1155,851,331,483,cow
./Dataset/FriesianCattle2017/images/000612.jpg,1307,908,520,480,cow
./Dataset/FriesianCattle2017/images/000606.jpg,1162,721,247,421,cow
./Dataset/FriesianCattle2017/images/000160.jpg,1395,379,493,44,cow
./Dataset/FriesianCattle2017/images/000160.jpg,1294,742,452,475,cow
./Dataset/FriesianCattle2017/images/000148.jpg,1481,389,706,16,cow
./Dataset/FriesianCattle2017/images/000148.jpg,1131,752,279,473,cow
./Dataset/FriesianCattle2017/images/000809.jpg,1236,810,439,482,cow
./Dataset/FriesianCattle2017/images/000835.jpg,1210,728,429,503,cow
./Dataset/FriesianCattle2017/images/000835.jpg,1051,1036,117,728,cow
./Dataset/FriesianCattle2017/images/000821.jpg,1355,749,559,424,cow
./Dataset/FriesianCattle2017/images/000821.jpg,754,1226,77,744,cow
./Dataset/FriesianCattle2017/images/000837.jpg,1358,663,500,283,cow
./Dataset/FriesianCattle2017/images/000837.jpg,1337,861,607,599,cow
./Dataset/FriesianCattle2017/images/000189.jpg,1208,772,358,480,cow
./Dataset/FriesianCattle2017/images/000189.jpg,926,1221,26,974,cow
./Dataset/FriesianCattle2017/images/000823.jpg,1469,754,508,454,cow
./Dataset/FriesianCattle2017/images/000823.jpg,916,1221,181,827,cow
./Dataset/FriesianCattle2017/images/000638.jpg,1410,769,468,483,cow
./Dataset/FriesianCattle2017/images/000610.jpg,1433,747,548,452,cow
./Dataset/FriesianCattle2017/images/000176.jpg,1479,345,908,79,cow
./Dataset/FriesianCattle2017/images/000176.jpg,1160,856,336,483,cow
./Dataset/FriesianCattle2017/images/000162.jpg,1477,310,904,44,cow
./Dataset/FriesianCattle2017/images/000162.jpg,1190,830,331,483,cow
./Dataset/FriesianCattle2017/images/000604.jpg,1441,752,581,485,cow
./Dataset/FriesianCattle2017/images/000348.jpg,1284,800,473,493,cow
./Dataset/FriesianCattle2017/images/000374.jpg,1297,876,490,445,cow
./Dataset/FriesianCattle2017/images/000412.jpg,1301,769,335,475,cow
./Dataset/FriesianCattle2017/images/000406.jpg,1268,792,321,401,cow
./Dataset/FriesianCattle2017/images/000360.jpg,1233,790,711,490,cow
./Dataset/FriesianCattle2017/images/000599.jpg,1299,767,257,462,cow
./Dataset/FriesianCattle2017/images/000228.jpg,1352,754,523,478,cow
./Dataset/FriesianCattle2017/images/000228.jpg,804,495,1,229,cow
./Dataset/FriesianCattle2017/images/000200.jpg,1291,741,356,482,cow
./Dataset/FriesianCattle2017/images/000566.jpg,1215,785,321,482,cow
./Dataset/FriesianCattle2017/images/000566.jpg,1078,1172,259,818,cow
./Dataset/FriesianCattle2017/images/000572.jpg,1216,794,307,485,cow
./Dataset/FriesianCattle2017/images/000572.jpg,1055,1162,236,823,cow
./Dataset/FriesianCattle2017/images/000214.jpg,1325,757,594,460,cow
./Dataset/FriesianCattle2017/images/000758.jpg,1159,487,120,227,cow
./Dataset/FriesianCattle2017/images/000758.jpg,1297,774,449,468,cow
./Dataset/FriesianCattle2017/images/000764.jpg,1363,434,343,138,cow
./Dataset/FriesianCattle2017/images/000764.jpg,1287,754,340,449,cow
./Dataset/FriesianCattle2017/images/000002.jpg,1175,782,260,477,cow
./Dataset/FriesianCattle2017/images/000016.jpg,1193,762,262,457,cow
./Dataset/FriesianCattle2017/images/000770.jpg,1281,759,336,468,cow
./Dataset/FriesianCattle2017/images/000017.jpg,984,468,97,184,cow
./Dataset/FriesianCattle2017/images/000017.jpg,1276,759,402,462,cow
./Dataset/FriesianCattle2017/images/000771.jpg,1225,762,254,473,cow
./Dataset/FriesianCattle2017/images/000765.jpg,1353,437,333,130,cow
./Dataset/FriesianCattle2017/images/000765.jpg,1319,777,282,472,cow
./Dataset/FriesianCattle2017/images/000003.jpg,1177,766,285,467,cow
./Dataset/FriesianCattle2017/images/000759.jpg,1306,754,435,454,cow
./Dataset/FriesianCattle2017/images/000759.jpg,1154,478,123,196,cow
./Dataset/FriesianCattle2017/images/000573.jpg,1038,1149,217,830,cow
./Dataset/FriesianCattle2017/images/000573.jpg,1218,784,303,495,cow
./Dataset/FriesianCattle2017/images/000215.jpg,1320,754,496,487,cow
./Dataset/FriesianCattle2017/images/000201.jpg,1276,749,358,492,cow
./Dataset/FriesianCattle2017/images/000567.jpg,1205,777,320,483,cow
./Dataset/FriesianCattle2017/images/000567.jpg,1066,1177,254,813,cow
./Dataset/FriesianCattle2017/images/000229.jpg,1408,751,516,487,cow
./Dataset/FriesianCattle2017/images/000229.jpg,838,569,8,297,cow
./Dataset/FriesianCattle2017/images/000598.jpg,1317,767,321,478,cow
./Dataset/FriesianCattle2017/images/000407.jpg,1177,797,328,335,cow
./Dataset/FriesianCattle2017/images/000361.jpg,1368,764,496,465,cow
./Dataset/FriesianCattle2017/images/000375.jpg,1297,772,407,454,cow
./Dataset/FriesianCattle2017/images/000413.jpg,1277,762,346,470,cow
./Dataset/FriesianCattle2017/images/000349.jpg,1334,757,465,488,cow
./Dataset/FriesianCattle2017/images/000163.jpg,1476,312,911,56,cow
./Dataset/FriesianCattle2017/images/000163.jpg,1185,842,341,482,cow
./Dataset/FriesianCattle2017/images/000605.jpg,1299,749,340,473,cow
./Dataset/FriesianCattle2017/images/000611.jpg,1286,766,328,454,cow
./Dataset/FriesianCattle2017/images/000177.jpg,1117,856,338,478,cow
./Dataset/FriesianCattle2017/images/000177.jpg,1482,351,914,79,cow
./Dataset/FriesianCattle2017/images/000639.jpg,1482,787,487,492,cow
./Dataset/FriesianCattle2017/images/000822.jpg,1266,761,459,480,cow
./Dataset/FriesianCattle2017/images/000822.jpg,776,1220,179,802,cow
./Dataset/FriesianCattle2017/images/000836.jpg,1244,741,439,498,cow
./Dataset/FriesianCattle2017/images/000836.jpg,1058,1064,145,729,cow
./Dataset/FriesianCattle2017/images/000188.jpg,1213,784,356,492,cow
./Dataset/FriesianCattle2017/images/000188.jpg,899,1223,19,972,cow
